include/master-slave.inc
Warnings:
Note	####	Sending passwords in plain text without SSL/TLS is extremely insecure.
Note	####	Storing MySQL user name or password information in the master info repository is not secure and is therefore not recommended. Please consider using the USER and PASSWORD connection options for START SLAVE; see the 'START SLAVE Syntax' in the MySQL Manual for more information.
[connection master]
drop table if exists tt;
Warnings:
Note	1051	Unknown table 'test.tt'
create table tt(id int, c1 int, c2 int, c3 int);
insert into tt values(1,1,1,1),(2,2,2,2),(3,3,3,3);
select * from tt;
id	c1	c2	c3
1	1	1	1
2	2	2	2
3	3	3	3
alter table tt drop column c2;
select * from tt;
id	c1	c3
1	1	1
2	2	2
3	3	3
include/rpl_sync.inc
show create table tt;
Table	Create Table
tt	CREATE TABLE `tt` (
  `id` int DEFAULT NULL,
  `c1` int DEFAULT NULL,
  `c3` int DEFAULT NULL
) ENGINE=SMARTENGINE DEFAULT CHARSET=utf8mb4 COLLATE=utf8mb4_general_ci
show create table tt;
Table	Create Table
tt	CREATE TABLE `tt` (
  `id` int DEFAULT NULL,
  `c1` int DEFAULT NULL,
  `c3` int DEFAULT NULL
) ENGINE=InnoDB DEFAULT CHARSET=utf8mb4 COLLATE=utf8mb4_0900_ai_ci
include/assert.inc [master-slave tt is same]
insert into tt values(4,4,4);
select * from tt;
id	c1	c3
1	1	1
2	2	2
3	3	3
4	4	4
drop table if exists tt_varchar;
Warnings:
Note	1051	Unknown table 'test.tt_varchar'
create table tt_varchar(id int, c1 int, c2 varchar(100), c3 int);
insert into tt_varchar values(1,1,'a',1),(2,2,'b',2),(3,3,'c',3);
select * from tt_varchar;
id	c1	c2	c3
1	1	a	1
2	2	b	2
3	3	c	3
alter table tt_varchar drop column c1;
include/rpl_sync.inc
show create table tt_varchar;
Table	Create Table
tt_varchar	CREATE TABLE `tt_varchar` (
  `id` int DEFAULT NULL,
  `c2` varchar(100) COLLATE utf8mb4_general_ci DEFAULT NULL,
  `c3` int DEFAULT NULL
) ENGINE=SMARTENGINE DEFAULT CHARSET=utf8mb4 COLLATE=utf8mb4_general_ci
show create table tt_varchar;
Table	Create Table
tt_varchar	CREATE TABLE `tt_varchar` (
  `id` int DEFAULT NULL,
  `c2` varchar(100) DEFAULT NULL,
  `c3` int DEFAULT NULL
) ENGINE=InnoDB DEFAULT CHARSET=utf8mb4 COLLATE=utf8mb4_0900_ai_ci
include/assert.inc [master-slave tt_varchar is same]
select * from tt_varchar;
id	c2	c3
1	a	1
2	b	2
3	c	3
alter table tt_varchar drop column c2;
include/rpl_sync.inc
show create table tt_varchar;
Table	Create Table
tt_varchar	CREATE TABLE `tt_varchar` (
  `id` int DEFAULT NULL,
  `c3` int DEFAULT NULL
) ENGINE=SMARTENGINE DEFAULT CHARSET=utf8mb4 COLLATE=utf8mb4_general_ci
show create table tt_varchar;
Table	Create Table
tt_varchar	CREATE TABLE `tt_varchar` (
  `id` int DEFAULT NULL,
  `c3` int DEFAULT NULL
) ENGINE=InnoDB DEFAULT CHARSET=utf8mb4 COLLATE=utf8mb4_0900_ai_ci
include/assert.inc [master-slave tt_varchar is same]
select * from tt_varchar;
id	c3
1	1
2	2
3	3
drop table if exists tt_char;
Warnings:
Note	1051	Unknown table 'test.tt_char'
create table tt_char(id int, c1 int, c2 char(100), c3 int);
insert into tt_char values(1,1,'a',1),(2,2,'b',2),(3,3,'c',3);
select * from tt_char;
id	c1	c2	c3
1	1	a	1
2	2	b	2
3	3	c	3
alter table tt_char drop column c1;
include/rpl_sync.inc
show create table tt_varchar;
Table	Create Table
tt_varchar	CREATE TABLE `tt_varchar` (
  `id` int DEFAULT NULL,
  `c3` int DEFAULT NULL
) ENGINE=SMARTENGINE DEFAULT CHARSET=utf8mb4 COLLATE=utf8mb4_general_ci
show create table tt_varchar;
Table	Create Table
tt_varchar	CREATE TABLE `tt_varchar` (
  `id` int DEFAULT NULL,
  `c3` int DEFAULT NULL
) ENGINE=InnoDB DEFAULT CHARSET=utf8mb4 COLLATE=utf8mb4_0900_ai_ci
include/assert.inc [master-slave tt_varchar is same]
select * from tt_char;
id	c2	c3
1	a	1
2	b	2
3	c	3
alter table tt_char drop column c2;
include/rpl_sync.inc
show create table tt_varchar;
Table	Create Table
tt_varchar	CREATE TABLE `tt_varchar` (
  `id` int DEFAULT NULL,
  `c3` int DEFAULT NULL
) ENGINE=SMARTENGINE DEFAULT CHARSET=utf8mb4 COLLATE=utf8mb4_general_ci
show create table tt_varchar;
Table	Create Table
tt_varchar	CREATE TABLE `tt_varchar` (
  `id` int DEFAULT NULL,
  `c3` int DEFAULT NULL
) ENGINE=InnoDB DEFAULT CHARSET=utf8mb4 COLLATE=utf8mb4_0900_ai_ci
include/assert.inc [master-slave tt_varchar is same]
select * from tt_char;
id	c3
1	1
2	2
3	3
drop table if exists tt_blob;
Warnings:
Note	1051	Unknown table 'test.tt_blob'
create table tt_blob(id int, c1 int, c2 blob, c3 int);
insert into tt_blob values(1,1,'a',1),(2,2,'b',2),(3,3,'c',3);
select * from tt_blob;
id	c1	c2	c3
1	1	a	1
2	2	b	2
3	3	c	3
alter table tt_blob drop column c1;
include/rpl_sync.inc
show create table tt_blob;
Table	Create Table
tt_blob	CREATE TABLE `tt_blob` (
  `id` int DEFAULT NULL,
  `c2` blob,
  `c3` int DEFAULT NULL
) ENGINE=SMARTENGINE DEFAULT CHARSET=utf8mb4 COLLATE=utf8mb4_general_ci
show create table tt_blob;
Table	Create Table
tt_blob	CREATE TABLE `tt_blob` (
  `id` int DEFAULT NULL,
  `c2` blob,
  `c3` int DEFAULT NULL
) ENGINE=InnoDB DEFAULT CHARSET=utf8mb4 COLLATE=utf8mb4_0900_ai_ci
include/assert.inc [master-slave tt_blob is same]
select * from tt_blob;
id	c2	c3
1	a	1
2	b	2
3	c	3
alter table tt_blob drop column c2;
include/rpl_sync.inc
show create table tt_blob;
Table	Create Table
tt_blob	CREATE TABLE `tt_blob` (
  `id` int DEFAULT NULL,
  `c3` int DEFAULT NULL
) ENGINE=SMARTENGINE DEFAULT CHARSET=utf8mb4 COLLATE=utf8mb4_general_ci
show create table tt_blob;
Table	Create Table
tt_blob	CREATE TABLE `tt_blob` (
  `id` int DEFAULT NULL,
  `c3` int DEFAULT NULL
) ENGINE=InnoDB DEFAULT CHARSET=utf8mb4 COLLATE=utf8mb4_0900_ai_ci
include/assert.inc [master-slave tt_blob is same]
select * from tt_blob;
id	c3
1	1
2	2
3	3
drop table if exists tt;
create table tt(id int, c1 int, c2 int, c3 int);
insert into tt values(1,1,1,1),(2,2,2,2),(3,3,3,3);
select * from tt;
id	c1	c2	c3
1	1	1	1
2	2	2	2
3	3	3	3
alter table tt drop column c1, add column c4 int default 5;
select * from tt;
id	c2	c3	c4
1	1	1	5
2	2	2	5
3	3	3	5
include/rpl_sync.inc
show create table tt;
Table	Create Table
tt	CREATE TABLE `tt` (
  `id` int DEFAULT NULL,
  `c2` int DEFAULT NULL,
  `c3` int DEFAULT NULL,
  `c4` int DEFAULT '5'
) ENGINE=SMARTENGINE DEFAULT CHARSET=utf8mb4 COLLATE=utf8mb4_general_ci
show create table tt;
Table	Create Table
tt	CREATE TABLE `tt` (
  `id` int DEFAULT NULL,
  `c2` int DEFAULT NULL,
  `c3` int DEFAULT NULL,
  `c4` int DEFAULT '5'
) ENGINE=InnoDB DEFAULT CHARSET=utf8mb4 COLLATE=utf8mb4_0900_ai_ci
include/assert.inc [master-slave tt is same]
alter table tt drop column c4, add column c1 int default 100;
select * from tt;
id	c2	c3	c1
1	1	1	100
2	2	2	100
3	3	3	100
include/rpl_sync.inc
show create table tt;
Table	Create Table
tt	CREATE TABLE `tt` (
  `id` int DEFAULT NULL,
  `c2` int DEFAULT NULL,
  `c3` int DEFAULT NULL,
  `c1` int DEFAULT '100'
) ENGINE=SMARTENGINE DEFAULT CHARSET=utf8mb4 COLLATE=utf8mb4_general_ci
show create table tt;
Table	Create Table
tt	CREATE TABLE `tt` (
  `id` int DEFAULT NULL,
  `c2` int DEFAULT NULL,
  `c3` int DEFAULT NULL,
  `c1` int DEFAULT '100'
) ENGINE=InnoDB DEFAULT CHARSET=utf8mb4 COLLATE=utf8mb4_0900_ai_ci
include/assert.inc [master-slave tt is same]
alter table tt drop column c3, add column c4 int default null;
select * from tt;
id	c2	c1	c4
1	1	100	NULL
2	2	100	NULL
3	3	100	NULL
drop table if exists tt_varchar;
create table tt_varchar(id int, c1 varchar(100), c2 varchar(300), c3 int);
insert into tt_varchar values(1,'abc','abc',1),(2,'cde','cde',2),(3,'def','def',3);
select * from tt_varchar;
id	c1	c2	c3
1	abc	abc	1
2	cde	cde	2
3	def	def	3
alter table tt_varchar drop column c1, add column c4 varchar(100) default 'gggggg';
select * from tt_varchar;
id	c2	c3	c4
1	abc	1	gggggg
2	cde	2	gggggg
3	def	3	gggggg
include/rpl_sync.inc
show create table tt_varchar;
Table	Create Table
tt_varchar	CREATE TABLE `tt_varchar` (
  `id` int DEFAULT NULL,
  `c2` varchar(300) COLLATE utf8mb4_general_ci DEFAULT NULL,
  `c3` int DEFAULT NULL,
  `c4` varchar(100) COLLATE utf8mb4_general_ci DEFAULT 'gggggg'
) ENGINE=SMARTENGINE DEFAULT CHARSET=utf8mb4 COLLATE=utf8mb4_general_ci
show create table tt_varchar;
Table	Create Table
tt_varchar	CREATE TABLE `tt_varchar` (
  `id` int DEFAULT NULL,
  `c2` varchar(300) DEFAULT NULL,
  `c3` int DEFAULT NULL,
  `c4` varchar(100) DEFAULT 'gggggg'
) ENGINE=InnoDB DEFAULT CHARSET=utf8mb4 COLLATE=utf8mb4_0900_ai_ci
include/assert.inc [master-slave tt_varchar is same]
alter table tt_varchar drop column c4, add column c1 varchar(300);
select * from tt_varchar;
id	c2	c3	c1
1	abc	1	NULL
2	cde	2	NULL
3	def	3	NULL
include/rpl_sync.inc
show create table tt_varchar;
Table	Create Table
tt_varchar	CREATE TABLE `tt_varchar` (
  `id` int DEFAULT NULL,
  `c2` varchar(300) COLLATE utf8mb4_general_ci DEFAULT NULL,
  `c3` int DEFAULT NULL,
  `c1` varchar(300) COLLATE utf8mb4_general_ci DEFAULT NULL
) ENGINE=SMARTENGINE DEFAULT CHARSET=utf8mb4 COLLATE=utf8mb4_general_ci
show create table tt_varchar;
Table	Create Table
tt_varchar	CREATE TABLE `tt_varchar` (
  `id` int DEFAULT NULL,
  `c2` varchar(300) DEFAULT NULL,
  `c3` int DEFAULT NULL,
  `c1` varchar(300) DEFAULT NULL
) ENGINE=InnoDB DEFAULT CHARSET=utf8mb4 COLLATE=utf8mb4_0900_ai_ci
include/assert.inc [master-slave tt_varchar is same]
alter table tt_varchar drop column c3, add column c4 varchar(100) default 'aaaaaa';
select * from tt_varchar;
id	c2	c1	c4
1	abc	NULL	aaaaaa
2	cde	NULL	aaaaaa
3	def	NULL	aaaaaa
include/rpl_sync.inc
show create table tt_varchar;
Table	Create Table
tt_varchar	CREATE TABLE `tt_varchar` (
  `id` int DEFAULT NULL,
  `c2` varchar(300) COLLATE utf8mb4_general_ci DEFAULT NULL,
  `c1` varchar(300) COLLATE utf8mb4_general_ci DEFAULT NULL,
  `c4` varchar(100) COLLATE utf8mb4_general_ci DEFAULT 'aaaaaa'
) ENGINE=SMARTENGINE DEFAULT CHARSET=utf8mb4 COLLATE=utf8mb4_general_ci
show create table tt_varchar;
Table	Create Table
tt_varchar	CREATE TABLE `tt_varchar` (
  `id` int DEFAULT NULL,
  `c2` varchar(300) DEFAULT NULL,
  `c1` varchar(300) DEFAULT NULL,
  `c4` varchar(100) DEFAULT 'aaaaaa'
) ENGINE=InnoDB DEFAULT CHARSET=utf8mb4 COLLATE=utf8mb4_0900_ai_ci
include/assert.inc [master-slave tt_varchar is same]
drop table if exists tt_char;
create table tt_char(id int  , c1 int, c2 char(100), c3 int);
insert into tt_char values(1,1,'aaaaa',1),(2,2,'bbbbb',2),(3,3,'cccccc',3);
select * from tt_char;
id	c1	c2	c3
1	1	aaaaa	1
2	2	bbbbb	2
3	3	cccccc	3
alter table tt_char drop column c1, add column c4 char(100) default 'gggggg';
select * from tt_char;
id	c2	c3	c4
1	aaaaa	1	gggggg
2	bbbbb	2	gggggg
3	cccccc	3	gggggg
include/rpl_sync.inc
show create table tt_char;
Table	Create Table
tt_char	CREATE TABLE `tt_char` (
  `id` int DEFAULT NULL,
  `c2` char(100) COLLATE utf8mb4_general_ci DEFAULT NULL,
  `c3` int DEFAULT NULL,
  `c4` char(100) COLLATE utf8mb4_general_ci DEFAULT 'gggggg'
) ENGINE=SMARTENGINE DEFAULT CHARSET=utf8mb4 COLLATE=utf8mb4_general_ci
show create table tt_char;
Table	Create Table
tt_char	CREATE TABLE `tt_char` (
  `id` int DEFAULT NULL,
  `c2` char(100) DEFAULT NULL,
  `c3` int DEFAULT NULL,
  `c4` char(100) DEFAULT 'gggggg'
) ENGINE=InnoDB DEFAULT CHARSET=utf8mb4 COLLATE=utf8mb4_0900_ai_ci
include/assert.inc [master-slave tt_char is same]
alter table tt_char drop column c4, add column c1 char(200);
select * from tt_char;
id	c2	c3	c1
1	aaaaa	1	NULL
2	bbbbb	2	NULL
3	cccccc	3	NULL
include/rpl_sync.inc
show create table tt_char;
Table	Create Table
tt_char	CREATE TABLE `tt_char` (
  `id` int DEFAULT NULL,
  `c2` char(100) COLLATE utf8mb4_general_ci DEFAULT NULL,
  `c3` int DEFAULT NULL,
  `c1` char(200) COLLATE utf8mb4_general_ci DEFAULT NULL
) ENGINE=SMARTENGINE DEFAULT CHARSET=utf8mb4 COLLATE=utf8mb4_general_ci
show create table tt_char;
Table	Create Table
tt_char	CREATE TABLE `tt_char` (
  `id` int DEFAULT NULL,
  `c2` char(100) DEFAULT NULL,
  `c3` int DEFAULT NULL,
  `c1` char(200) DEFAULT NULL
) ENGINE=InnoDB DEFAULT CHARSET=utf8mb4 COLLATE=utf8mb4_0900_ai_ci
include/assert.inc [master-slave tt_char is same]
alter table tt_char drop column c3, add column c4 char(100) default 'aaaaaa';
select * from tt_char;
id	c2	c1	c4
1	aaaaa	NULL	aaaaaa
2	bbbbb	NULL	aaaaaa
3	cccccc	NULL	aaaaaa
include/rpl_sync.inc
show create table tt_char;
Table	Create Table
tt_char	CREATE TABLE `tt_char` (
  `id` int DEFAULT NULL,
  `c2` char(100) COLLATE utf8mb4_general_ci DEFAULT NULL,
  `c1` char(200) COLLATE utf8mb4_general_ci DEFAULT NULL,
  `c4` char(100) COLLATE utf8mb4_general_ci DEFAULT 'aaaaaa'
) ENGINE=SMARTENGINE DEFAULT CHARSET=utf8mb4 COLLATE=utf8mb4_general_ci
show create table tt_char;
Table	Create Table
tt_char	CREATE TABLE `tt_char` (
  `id` int DEFAULT NULL,
  `c2` char(100) DEFAULT NULL,
  `c1` char(200) DEFAULT NULL,
  `c4` char(100) DEFAULT 'aaaaaa'
) ENGINE=InnoDB DEFAULT CHARSET=utf8mb4 COLLATE=utf8mb4_0900_ai_ci
include/assert.inc [master-slave tt_char is same]
drop table if exists tt_blob;
create table tt_blob(id int  , c1 int, c2 blob, c3 int);
insert into tt_blob values(1,1,'aaaaa',1),(2,2,'bbbbb',2),(3,3,'ccccc',3);
select * from tt_blob;
id	c1	c2	c3
1	1	aaaaa	1
2	2	bbbbb	2
3	3	ccccc	3
alter table tt_blob drop column c1, add column c4 blob default 'gggggg';
ERROR 42000: BLOB, TEXT, GEOMETRY or JSON column 'c4' can't have a default value
select * from tt_blob;
id	c1	c2	c3
1	1	aaaaa	1
2	2	bbbbb	2
3	3	ccccc	3
alter table tt_blob drop column c1, add column c4 blob;
select * from tt_blob;
id	c2	c3	c4
1	aaaaa	1	NULL
2	bbbbb	2	NULL
3	ccccc	3	NULL
include/rpl_sync.inc
show create table tt_blob;
Table	Create Table
tt_blob	CREATE TABLE `tt_blob` (
  `id` int DEFAULT NULL,
  `c2` blob,
  `c3` int DEFAULT NULL,
  `c4` blob
) ENGINE=SMARTENGINE DEFAULT CHARSET=utf8mb4 COLLATE=utf8mb4_general_ci
show create table tt_blob;
Table	Create Table
tt_blob	CREATE TABLE `tt_blob` (
  `id` int DEFAULT NULL,
  `c2` blob,
  `c3` int DEFAULT NULL,
  `c4` blob
) ENGINE=InnoDB DEFAULT CHARSET=utf8mb4 COLLATE=utf8mb4_0900_ai_ci
include/assert.inc [master-slave tt_blob is same]
alter table tt_blob drop column c4, add column c1 blob;
select * from tt_blob;
id	c2	c3	c1
1	aaaaa	1	NULL
2	bbbbb	2	NULL
3	ccccc	3	NULL
include/rpl_sync.inc
show create table tt_blob;
Table	Create Table
tt_blob	CREATE TABLE `tt_blob` (
  `id` int DEFAULT NULL,
  `c2` blob,
  `c3` int DEFAULT NULL,
  `c1` blob
) ENGINE=SMARTENGINE DEFAULT CHARSET=utf8mb4 COLLATE=utf8mb4_general_ci
show create table tt_blob;
Table	Create Table
tt_blob	CREATE TABLE `tt_blob` (
  `id` int DEFAULT NULL,
  `c2` blob,
  `c3` int DEFAULT NULL,
  `c1` blob
) ENGINE=InnoDB DEFAULT CHARSET=utf8mb4 COLLATE=utf8mb4_0900_ai_ci
include/assert.inc [master-slave tt_blob is same]
alter table tt_blob drop column c3, add column c4 blob;
select * from tt_blob;
id	c2	c1	c4
1	aaaaa	NULL	NULL
2	bbbbb	NULL	NULL
3	ccccc	NULL	NULL
include/rpl_sync.inc
show create table tt_blob;
Table	Create Table
tt_blob	CREATE TABLE `tt_blob` (
  `id` int DEFAULT NULL,
  `c2` blob,
  `c1` blob,
  `c4` blob
) ENGINE=SMARTENGINE DEFAULT CHARSET=utf8mb4 COLLATE=utf8mb4_general_ci
show create table tt_blob;
Table	Create Table
tt_blob	CREATE TABLE `tt_blob` (
  `id` int DEFAULT NULL,
  `c2` blob,
  `c1` blob,
  `c4` blob
) ENGINE=InnoDB DEFAULT CHARSET=utf8mb4 COLLATE=utf8mb4_0900_ai_ci
include/assert.inc [master-slave tt_blob is same]
drop table if exists tt;
create table tt(id int  , c1 int, c2 int, c3 int);
insert into tt values(1,1,1,1),(2,2,2,2),(3,3,3,3);
ALTER TABLE tt MODIFY c2 int AFTER c3 ,ALGORITHM  = INPLACE, LOCK=DEFAULT;
select * from tt;
id	c1	c3	c2
1	1	1	1
2	2	2	2
3	3	3	3
ALTER TABLE tt MODIFY c2 int first, ALGORITHM  = INPLACE, LOCK=DEFAULT;
select * from tt;
c2	id	c1	c3
1	1	1	1
2	2	2	2
3	3	3	3
include/rpl_sync.inc
show create table tt;
Table	Create Table
tt	CREATE TABLE `tt` (
  `c2` int DEFAULT NULL,
  `id` int DEFAULT NULL,
  `c1` int DEFAULT NULL,
  `c3` int DEFAULT NULL
) ENGINE=SMARTENGINE DEFAULT CHARSET=utf8mb4 COLLATE=utf8mb4_general_ci
show create table tt;
Table	Create Table
tt	CREATE TABLE `tt` (
  `c2` int DEFAULT NULL,
  `id` int DEFAULT NULL,
  `c1` int DEFAULT NULL,
  `c3` int DEFAULT NULL
) ENGINE=InnoDB DEFAULT CHARSET=utf8mb4 COLLATE=utf8mb4_0900_ai_ci
include/assert.inc [master-slave tt is same]
drop table if exists tt;
create table tt(id int  , c1 int, c2 int, c3 int);
insert into tt values(1,1,1,1),(2,2,2,2),(3,3,3,3);
ALTER TABLE tt MODIFY c1 int first, ALGORITHM  = INPLACE, LOCK=DEFAULT;
select * from tt;
c1	id	c2	c3
1	1	1	1
2	2	2	2
3	3	3	3
include/rpl_sync.inc
show create table tt;
Table	Create Table
tt	CREATE TABLE `tt` (
  `c1` int DEFAULT NULL,
  `id` int DEFAULT NULL,
  `c2` int DEFAULT NULL,
  `c3` int DEFAULT NULL
) ENGINE=SMARTENGINE DEFAULT CHARSET=utf8mb4 COLLATE=utf8mb4_general_ci
show create table tt;
Table	Create Table
tt	CREATE TABLE `tt` (
  `c1` int DEFAULT NULL,
  `id` int DEFAULT NULL,
  `c2` int DEFAULT NULL,
  `c3` int DEFAULT NULL
) ENGINE=InnoDB DEFAULT CHARSET=utf8mb4 COLLATE=utf8mb4_0900_ai_ci
include/assert.inc [master-slave tt is same]
drop table if exists tt;
create table tt(id int  , c1 int, c2 varchar(100), c3 int);
insert into tt values(1,11,'abc',111);
insert into tt values(2,12,'abc',222);
insert into tt values(3,13,'abc',333);
alter table tt add index idx_c1(c1),algorithm=inplace,lock=default;
alter table tt add index idx_c2(c2),algorithm=inplace,lock=default;
alter table tt add index idx_c3(c3),algorithm=inplace,lock=default;
alter table tt add index idx_c1_c2(c1,c2),algorithm=inplace,lock=default;
insert into tt values(4,14,'abc',444);
select * from tt;
id	c1	c2	c3
1	11	abc	111
2	12	abc	222
3	13	abc	333
4	14	abc	444
include/rpl_sync.inc
show create table tt;
Table	Create Table
tt	CREATE TABLE `tt` (
  `id` int DEFAULT NULL,
  `c1` int DEFAULT NULL,
  `c2` varchar(100) COLLATE utf8mb4_general_ci DEFAULT NULL,
  `c3` int DEFAULT NULL,
  KEY `idx_c1` (`c1`),
  KEY `idx_c2` (`c2`),
  KEY `idx_c3` (`c3`),
  KEY `idx_c1_c2` (`c1`,`c2`)
) ENGINE=SMARTENGINE DEFAULT CHARSET=utf8mb4 COLLATE=utf8mb4_general_ci
show create table tt;
Table	Create Table
tt	CREATE TABLE `tt` (
  `id` int DEFAULT NULL,
  `c1` int DEFAULT NULL,
  `c2` varchar(100) DEFAULT NULL,
  `c3` int DEFAULT NULL,
  KEY `idx_c1` (`c1`),
  KEY `idx_c2` (`c2`),
  KEY `idx_c3` (`c3`),
  KEY `idx_c1_c2` (`c1`,`c2`)
) ENGINE=InnoDB DEFAULT CHARSET=utf8mb4 COLLATE=utf8mb4_0900_ai_ci
include/assert.inc [master-slave tt is same]
check table tt;
Table	Op	Msg_type	Msg_text
test.tt	check	status	OK
alter table tt MODIFY c2 varchar(100) first, ALGORITHM  = INPLACE, LOCK=DEFAULT;
select * from tt;
c2	id	c1	c3
abc	1	11	111
abc	2	12	222
abc	3	13	333
abc	4	14	444
check table tt;
Table	Op	Msg_type	Msg_text
test.tt	check	status	OK
include/rpl_sync.inc
show create table tt;
Table	Create Table
tt	CREATE TABLE `tt` (
  `c2` varchar(100) COLLATE utf8mb4_general_ci DEFAULT NULL,
  `id` int DEFAULT NULL,
  `c1` int DEFAULT NULL,
  `c3` int DEFAULT NULL,
  KEY `idx_c1` (`c1`),
  KEY `idx_c2` (`c2`),
  KEY `idx_c3` (`c3`),
  KEY `idx_c1_c2` (`c1`,`c2`)
) ENGINE=SMARTENGINE DEFAULT CHARSET=utf8mb4 COLLATE=utf8mb4_general_ci
show create table tt;
Table	Create Table
tt	CREATE TABLE `tt` (
  `c2` varchar(100) DEFAULT NULL,
  `id` int DEFAULT NULL,
  `c1` int DEFAULT NULL,
  `c3` int DEFAULT NULL,
  KEY `idx_c1` (`c1`),
  KEY `idx_c2` (`c2`),
  KEY `idx_c3` (`c3`),
  KEY `idx_c1_c2` (`c1`,`c2`)
) ENGINE=InnoDB DEFAULT CHARSET=utf8mb4 COLLATE=utf8mb4_0900_ai_ci
include/assert.inc [master-slave tt is same]
drop table if exists tt;
create table tt(id int  , c1 int, c2 varchar(100), c3 int);
insert into tt values(1,11,'abc',111);
insert into tt values(2,12,'abc',222);
insert into tt values(3,13,'abc',333);
alter table tt add index idx_c1(c1),algorithm=inplace,lock=default;
alter table tt add index idx_c2(c2),algorithm=inplace,lock=default;
alter table tt add index idx_c3(c3),algorithm=inplace,lock=default;
alter table tt add index idx_c1_c2(c1,c2),algorithm=inplace,lock=default;
alter table tt drop column c2, ALGORITHM  = INPLACE, LOCK=DEFAULT;
Warnings:
Warning	1831	Duplicate index 'idx_c1_c2' defined on the table 'test.tt'. This is deprecated and will be disallowed in a future release.
select * from tt;
id	c1	c3
1	11	111
2	12	222
3	13	333
include/rpl_sync.inc
show create table tt;
Table	Create Table
tt	CREATE TABLE `tt` (
  `id` int DEFAULT NULL,
  `c1` int DEFAULT NULL,
  `c3` int DEFAULT NULL,
  KEY `idx_c1` (`c1`),
  KEY `idx_c3` (`c3`),
  KEY `idx_c1_c2` (`c1`)
) ENGINE=SMARTENGINE DEFAULT CHARSET=utf8mb4 COLLATE=utf8mb4_general_ci
show create table tt;
Table	Create Table
tt	CREATE TABLE `tt` (
  `id` int DEFAULT NULL,
  `c1` int DEFAULT NULL,
  `c3` int DEFAULT NULL,
  KEY `idx_c1` (`c1`),
  KEY `idx_c3` (`c3`),
  KEY `idx_c1_c2` (`c1`)
) ENGINE=InnoDB DEFAULT CHARSET=utf8mb4 COLLATE=utf8mb4_0900_ai_ci
include/assert.inc [master-slave tt is same]
check table tt;
Table	Op	Msg_type	Msg_text
test.tt	check	status	OK
alter table tt drop column c1, ALGORITHM  = INPLACE, LOCK=DEFAULT;
select * from tt;
id	c3
1	111
2	222
3	333
include/rpl_sync.inc
show create table tt;
Table	Create Table
tt	CREATE TABLE `tt` (
  `id` int DEFAULT NULL,
  `c3` int DEFAULT NULL,
  KEY `idx_c3` (`c3`)
) ENGINE=SMARTENGINE DEFAULT CHARSET=utf8mb4 COLLATE=utf8mb4_general_ci
show create table tt;
Table	Create Table
tt	CREATE TABLE `tt` (
  `id` int DEFAULT NULL,
  `c3` int DEFAULT NULL,
  KEY `idx_c3` (`c3`)
) ENGINE=InnoDB DEFAULT CHARSET=utf8mb4 COLLATE=utf8mb4_0900_ai_ci
include/assert.inc [master-slave tt is same]
check table tt;
Table	Op	Msg_type	Msg_text
test.tt	check	status	OK
drop table tt;
create table tt(id int  , c1 int, c2 varchar(100), c3 int);
insert into tt values(1,11,'abc',111);
insert into tt values(2,12,'abc',222);
insert into tt values(3,13,'abc',333);
alter table tt add column c4 int default 5, add index idx_c4(c4),algorithm=inplace,lock=default;
select * from tt;
id	c1	c2	c3	c4
1	11	abc	111	5
2	12	abc	222	5
3	13	abc	333	5
check table tt;
Table	Op	Msg_type	Msg_text
test.tt	check	status	OK
alter table tt add column c5 varchar(100), add index idx_c5(c5),algorithm=inplace,lock=default;
select * from tt;
id	c1	c2	c3	c4	c5
1	11	abc	111	5	NULL
2	12	abc	222	5	NULL
3	13	abc	333	5	NULL
include/rpl_sync.inc
show create table tt;
Table	Create Table
tt	CREATE TABLE `tt` (
  `id` int DEFAULT NULL,
  `c1` int DEFAULT NULL,
  `c2` varchar(100) COLLATE utf8mb4_general_ci DEFAULT NULL,
  `c3` int DEFAULT NULL,
  `c4` int DEFAULT '5',
  `c5` varchar(100) COLLATE utf8mb4_general_ci DEFAULT NULL,
  KEY `idx_c4` (`c4`),
  KEY `idx_c5` (`c5`)
) ENGINE=SMARTENGINE DEFAULT CHARSET=utf8mb4 COLLATE=utf8mb4_general_ci
show create table tt;
Table	Create Table
tt	CREATE TABLE `tt` (
  `id` int DEFAULT NULL,
  `c1` int DEFAULT NULL,
  `c2` varchar(100) DEFAULT NULL,
  `c3` int DEFAULT NULL,
  `c4` int DEFAULT '5',
  `c5` varchar(100) DEFAULT NULL,
  KEY `idx_c4` (`c4`),
  KEY `idx_c5` (`c5`)
) ENGINE=InnoDB DEFAULT CHARSET=utf8mb4 COLLATE=utf8mb4_0900_ai_ci
include/assert.inc [master-slave tt is same]
check table tt;
Table	Op	Msg_type	Msg_text
test.tt	check	status	OK
drop table if exists tt;
create table tt(id int  , c1 int, c2 varchar(10), c3 int);
insert into tt values(1,11,'abc',111);
insert into tt values(2,12,'abc',222);
insert into tt values(3,13,'abc',333);
insert into tt values(4,14,'abc',444);
alter table tt MODIFY c2 varchar(30) , ALGORITHM  = INPLACE, LOCK=DEFAULT;
include/rpl_sync.inc
show create table tt;
Table	Create Table
tt	CREATE TABLE `tt` (
  `id` int DEFAULT NULL,
  `c1` int DEFAULT NULL,
  `c2` varchar(30) COLLATE utf8mb4_general_ci DEFAULT NULL,
  `c3` int DEFAULT NULL
) ENGINE=SMARTENGINE DEFAULT CHARSET=utf8mb4 COLLATE=utf8mb4_general_ci
show create table tt;
Table	Create Table
tt	CREATE TABLE `tt` (
  `id` int DEFAULT NULL,
  `c1` int DEFAULT NULL,
  `c2` varchar(30) DEFAULT NULL,
  `c3` int DEFAULT NULL
) ENGINE=InnoDB DEFAULT CHARSET=utf8mb4 COLLATE=utf8mb4_0900_ai_ci
include/assert.inc [master-slave tt is same]
alter table tt MODIFY c2 varchar(63) , ALGORITHM  = INPLACE, LOCK=DEFAULT;
include/rpl_sync.inc
show create table tt;
Table	Create Table
tt	CREATE TABLE `tt` (
  `id` int DEFAULT NULL,
  `c1` int DEFAULT NULL,
  `c2` varchar(63) COLLATE utf8mb4_general_ci DEFAULT NULL,
  `c3` int DEFAULT NULL
) ENGINE=SMARTENGINE DEFAULT CHARSET=utf8mb4 COLLATE=utf8mb4_general_ci
show create table tt;
Table	Create Table
tt	CREATE TABLE `tt` (
  `id` int DEFAULT NULL,
  `c1` int DEFAULT NULL,
  `c2` varchar(63) DEFAULT NULL,
  `c3` int DEFAULT NULL
) ENGINE=InnoDB DEFAULT CHARSET=utf8mb4 COLLATE=utf8mb4_0900_ai_ci
include/assert.inc [master-slave tt is same]
alter table tt MODIFY c2 varchar(64) , ALGORITHM  = INPLACE, LOCK=DEFAULT;
ERROR 0A000: ALGORITHM=INPLACE is not supported. Reason: Cannot change column type INPLACE. Try ALGORITHM=COPY.
alter table tt MODIFY c2 varchar(200) , ALGORITHM  = INPLACE, LOCK=DEFAULT;
ERROR 0A000: ALGORITHM=INPLACE is not supported. Reason: Cannot change column type INPLACE. Try ALGORITHM=COPY.
drop table if exists tt;
create table tt(id int  , c1 int, c2 varchar(100), c3 int);
insert into tt values(1,11,'abc',111);
insert into tt values(2,12,'abc',222);
insert into tt values(3,13,'abc',333);
insert into tt values(4,14,'abc',444);
alter table tt MODIFY c2 varchar(90) , ALGORITHM  = INPLACE, LOCK=DEFAULT;
ERROR 0A000: ALGORITHM=INPLACE is not supported. Reason: Cannot change column type INPLACE. Try ALGORITHM=COPY.
alter table tt MODIFY c2 varchar(30) , ALGORITHM  = INPLACE, LOCK=DEFAULT;
ERROR 0A000: ALGORITHM=INPLACE is not supported. Reason: Cannot change column type INPLACE. Try ALGORITHM=COPY.
drop table if exists tt;
create table tt(id int  , c1 int not null, c2 varchar(100) not null, c3 int);
insert into tt values(1,11,'abc',111);
insert into tt values(2,12,'abc',222);
insert into tt values(3,13,'abc',333);
insert into tt values(4,14,'abc',444);
alter table tt MODIFY c2 varchar(100), ALGORITHM  = INPLACE, LOCK=DEFAULT;
include/rpl_sync.inc
show create table tt;
Table	Create Table
tt	CREATE TABLE `tt` (
  `id` int DEFAULT NULL,
  `c1` int NOT NULL,
  `c2` varchar(100) COLLATE utf8mb4_general_ci DEFAULT NULL,
  `c3` int DEFAULT NULL
) ENGINE=SMARTENGINE DEFAULT CHARSET=utf8mb4 COLLATE=utf8mb4_general_ci
show create table tt;
Table	Create Table
tt	CREATE TABLE `tt` (
  `id` int DEFAULT NULL,
  `c1` int NOT NULL,
  `c2` varchar(100) DEFAULT NULL,
  `c3` int DEFAULT NULL
) ENGINE=InnoDB DEFAULT CHARSET=utf8mb4 COLLATE=utf8mb4_0900_ai_ci
include/assert.inc [master-slave tt is same]
alter table tt MODIFY c1 int, ALGORITHM  = INPLACE, LOCK=DEFAULT;
select * from tt;
id	c1	c2	c3
1	11	abc	111
2	12	abc	222
3	13	abc	333
4	14	abc	444
include/rpl_sync.inc
show create table tt;
Table	Create Table
tt	CREATE TABLE `tt` (
  `id` int DEFAULT NULL,
  `c1` int DEFAULT NULL,
  `c2` varchar(100) COLLATE utf8mb4_general_ci DEFAULT NULL,
  `c3` int DEFAULT NULL
) ENGINE=SMARTENGINE DEFAULT CHARSET=utf8mb4 COLLATE=utf8mb4_general_ci
show create table tt;
Table	Create Table
tt	CREATE TABLE `tt` (
  `id` int DEFAULT NULL,
  `c1` int DEFAULT NULL,
  `c2` varchar(100) DEFAULT NULL,
  `c3` int DEFAULT NULL
) ENGINE=InnoDB DEFAULT CHARSET=utf8mb4 COLLATE=utf8mb4_0900_ai_ci
include/assert.inc [master-slave tt is same]
select @@sql_mode;
@@sql_mode
ONLY_FULL_GROUP_BY,STRICT_TRANS_TABLES,NO_ZERO_IN_DATE,NO_ZERO_DATE,ERROR_FOR_DIVISION_BY_ZERO,NO_ENGINE_SUBSTITUTION
set @save_sql_mode = @@sql_mode;
set sql_mode = "STRICT_TRANS_TABLES";
Warnings:
Warning	3135	'NO_ZERO_DATE', 'NO_ZERO_IN_DATE' and 'ERROR_FOR_DIVISION_BY_ZERO' sql modes should be used with strict mode. They will be merged with strict mode in a future release.
drop table if exists tt;
create table tt(id int  , c1 int, c2 varchar(100), c3 int);
insert into tt values(1,11,'abc',111);
insert into tt values(2,12,'abc',222);
insert into tt values(3,13,'abc',333);
insert into tt values(4,14,'abc',444);
alter table tt MODIFY c2 varchar(100) not null, ALGORITHM  = INPLACE, LOCK=DEFAULT;
include/rpl_sync.inc
show create table tt;
Table	Create Table
tt	CREATE TABLE `tt` (
  `id` int DEFAULT NULL,
  `c1` int DEFAULT NULL,
  `c2` varchar(100) COLLATE utf8mb4_general_ci NOT NULL,
  `c3` int DEFAULT NULL
) ENGINE=SMARTENGINE DEFAULT CHARSET=utf8mb4 COLLATE=utf8mb4_general_ci
show create table tt;
Table	Create Table
tt	CREATE TABLE `tt` (
  `id` int DEFAULT NULL,
  `c1` int DEFAULT NULL,
  `c2` varchar(100) NOT NULL,
  `c3` int DEFAULT NULL
) ENGINE=InnoDB DEFAULT CHARSET=utf8mb4 COLLATE=utf8mb4_0900_ai_ci
include/assert.inc [master-slave tt is same]
alter table tt MODIFY c1 int not null, ALGORITHM  = INPLACE, LOCK=DEFAULT;
include/rpl_sync.inc
show create table tt;
Table	Create Table
tt	CREATE TABLE `tt` (
  `id` int DEFAULT NULL,
  `c1` int NOT NULL,
  `c2` varchar(100) COLLATE utf8mb4_general_ci NOT NULL,
  `c3` int DEFAULT NULL
) ENGINE=SMARTENGINE DEFAULT CHARSET=utf8mb4 COLLATE=utf8mb4_general_ci
show create table tt;
Table	Create Table
tt	CREATE TABLE `tt` (
  `id` int DEFAULT NULL,
  `c1` int NOT NULL,
  `c2` varchar(100) NOT NULL,
  `c3` int DEFAULT NULL
) ENGINE=InnoDB DEFAULT CHARSET=utf8mb4 COLLATE=utf8mb4_0900_ai_ci
include/assert.inc [master-slave tt is same]
set sql_mode = "STRICT_ALL_TABLES";
Warnings:
Warning	3135	'NO_ZERO_DATE', 'NO_ZERO_IN_DATE' and 'ERROR_FOR_DIVISION_BY_ZERO' sql modes should be used with strict mode. They will be merged with strict mode in a future release.
drop table if exists tt;
create table tt(id int  , c1 int, c2 varchar(100), c3 int);
insert into tt values(1,11,'abc',111);
insert into tt values(2,12,'abc',222);
insert into tt values(3,13,'abc',333);
insert into tt values(4,14,'abc',444);
alter table tt MODIFY c2 varchar(100) not null, ALGORITHM  = INPLACE, LOCK=DEFAULT;
include/rpl_sync.inc
show create table tt;
Table	Create Table
tt	CREATE TABLE `tt` (
  `id` int DEFAULT NULL,
  `c1` int DEFAULT NULL,
  `c2` varchar(100) COLLATE utf8mb4_general_ci NOT NULL,
  `c3` int DEFAULT NULL
) ENGINE=SMARTENGINE DEFAULT CHARSET=utf8mb4 COLLATE=utf8mb4_general_ci
show create table tt;
Table	Create Table
tt	CREATE TABLE `tt` (
  `id` int DEFAULT NULL,
  `c1` int DEFAULT NULL,
  `c2` varchar(100) NOT NULL,
  `c3` int DEFAULT NULL
) ENGINE=InnoDB DEFAULT CHARSET=utf8mb4 COLLATE=utf8mb4_0900_ai_ci
include/assert.inc [master-slave tt is same]
alter table tt MODIFY c1 int not null, ALGORITHM  = INPLACE, LOCK=DEFAULT;
include/rpl_sync.inc
show create table tt;
Table	Create Table
tt	CREATE TABLE `tt` (
  `id` int DEFAULT NULL,
  `c1` int NOT NULL,
  `c2` varchar(100) COLLATE utf8mb4_general_ci NOT NULL,
  `c3` int DEFAULT NULL
) ENGINE=SMARTENGINE DEFAULT CHARSET=utf8mb4 COLLATE=utf8mb4_general_ci
show create table tt;
Table	Create Table
tt	CREATE TABLE `tt` (
  `id` int DEFAULT NULL,
  `c1` int NOT NULL,
  `c2` varchar(100) NOT NULL,
  `c3` int DEFAULT NULL
) ENGINE=InnoDB DEFAULT CHARSET=utf8mb4 COLLATE=utf8mb4_0900_ai_ci
include/assert.inc [master-slave tt is same]
set sql_mode = @save_sql_mode;
drop table if exists tt;
drop table if exists tt_varchar;
drop table if exists tt_char;
drop table if exists tt_blob;
drop table if exists t;
Warnings:
Note	1051	Unknown table 'test.t'
include/rpl_sync.inc
include/rpl_end.inc
