create table t(id int);
xa begin '3004';
insert into t values (3004);
xa end '3004';
set debug = 'd, crash_before_large_trx_commit_late';
SELECT @@GLOBAL.GTID_EXECUTED, @@GLOBAL.GTID_OWNED;
@@GLOBAL.GTID_EXECUTED	@@GLOBAL.GTID_OWNED
f9b6b4df-d542-11ee-ac53-0242ac110002:1-2	
xa prepare '3004';
ERROR HY000: Lost connection to MySQL server during query
SET @@GLOBAL.DEBUG= 'd, disable_gtid_background_persister';
SELECT @@GLOBAL.GTID_EXECUTED, @@GLOBAL.GTID_OWNED;
@@GLOBAL.GTID_EXECUTED	@@GLOBAL.GTID_OWNED
f9b6b4df-d542-11ee-ac53-0242ac110002:1-3	
xa recover;
formatID	gtrid_length	bqual_length	data
1	4	0	3004
xa commit '3004';
select * from t;
id
3004
drop table t;
SET @@GLOBAL.DEBUG= '';
