# Wait for first snapshots to be generated after startup 
use test;
CREATE TABLE t1(c1 int) ENGINE=SMARTENGINE ;
INSERT INTO t1 values(1);
INSERT INTO t1 values(2);
INSERT INTO t1 values(3);
INSERT INTO t1 values(4);
SELECT * FROM t1;
c1
1
2
3
4
SHOW CREATE TABLE t1;
Table	Create Table
t1	CREATE TABLE `t1` (
  `c1` int DEFAULT NULL
) ENGINE=SMARTENGINE DEFAULT CHARSET=utf8mb4 COLLATE=utf8mb4_general_ci
INSERT INTO t1 values(5);
INSERT INTO t1 values(6);
INSERT INTO t1 values(7);
INSERT INTO t1 values(8);
SELECT * FROM t1;
c1
1
2
3
4
5
6
7
8
set debug = 'd, crash_commit_before_log';
INSERT INTO t1 values(9);
ERROR HY000: Lost connection to MySQL server during query
# Force rmdir datadir for recovery test
# Create an empty data directory...
# Recovery start from object store.
# restart
use test;
SELECT * FROM t1;
c1
1
2
3
4
5
6
7
8
# Cleanup
DROP TABLE t1;
