DROP TABLE IF EXISTS t1;
CREATE TABLE t1 (
id int NOT NULL AUTO_INCREMENT,
k int NOT NULL DEFAULT '0',
c char(120) COLLATE utf8mb4_general_ci NOT NULL DEFAULT '',
pad char(60) COLLATE utf8mb4_general_ci NOT NULL DEFAULT '',
PRIMARY KEY (id),
KEY k_1 (k)) ENGINE = SMARTENGINE;
SHOW CREATE TABLE t1;
Table	Create Table
t1	CREATE TABLE `t1` (
  `id` int NOT NULL AUTO_INCREMENT,
  `k` int NOT NULL DEFAULT '0',
  `c` char(120) CHARACTER SET utf8mb4 COLLATE utf8mb4_general_ci NOT NULL DEFAULT '',
  `pad` char(60) CHARACTER SET utf8mb4 COLLATE utf8mb4_general_ci NOT NULL DEFAULT '',
  PRIMARY KEY (`id`),
  KEY `k_1` (`k`)
) ENGINE=SMARTENGINE DEFAULT CHARSET=utf8mb4 COLLATE=utf8mb4_general_ci
select count(*) from t1;
count(*)
10000
explain select id from t1 where id >= 3000 order by id asc limit 1;
id	select_type	table	partitions	type	possible_keys	key	key_len	ref	rows	filtered	Extra
1	SIMPLE	t1	NULL	range	PRIMARY,k_1	PRIMARY	4	NULL	6271	#	Using where; Using index
select id from t1 where id >= 3000 order by id asc limit 1;
id
3000
DROP TABLE t1;
