set names utf8mb4;
CREATE TABLE T1_COLUMN(C1 VARCHAR(100), C2 VARCHAR(100)) CHARACTER SET UTF8MB4,COLLATE UTF8MB4_GENERAL_CI;
INSERT INTO T1_COLUMN VALUES('A', '123');
INSERT INTO T1_COLUMN VALUES('AB', '123');
INSERT INTO T1_COLUMN VALUES('a', '123');
INSERT INTO T1_COLUMN VALUES('ab', '123');
INSERT INTO T1_COLUMN VALUES('B', '123');
INSERT INTO T1_COLUMN VALUES('b', '123');
INSERT INTO T1_COLUMN VALUES('cde', '123');
INSERT INTO T1_COLUMN VALUES('CDE', '123');
INSERT INTO T1_COLUMN VALUES('CDE', '123');
INSERT INTO T1_COLUMN VALUES('ä¸­å›½', '123');
INSERT INTO T1_COLUMN VALUES('ä¸­å›½äºº', '123');
INSERT INTO T1_COLUMN VALUES('ç¾Žå›½', '123');
INSERT INTO T1_COLUMN VALUES('ç¾Žå›½äºº', '123');
INSERT INTO T1_COLUMN VALUES('ä¸€', '123');
INSERT INTO T1_COLUMN VALUES('äºŒ', '123');
INSERT INTO T1_COLUMN VALUES('ä¸‰', '123');
INSERT INTO T1_COLUMN VALUES('ä¸€äºŒä¸‰','123');
INSERT INTO T1_COLUMN VALUES('ä¸€abä¸‰','123');
INSERT INTO T1_COLUMN VALUES('ä¸€aäºŒbä¸‰c','123');
INSERT INTO T1_COLUMN VALUES(0xF09F92BB6161F09F93BA,'999');
INSERT INTO T1_COLUMN VALUES(0xF09F93BA6161F09F92BB,'998');
INSERT INTO T1_COLUMN VALUES(0xF09F93B16161F09F92BB,'997');
INSERT INTO T1_COLUMN VALUES(0xEFBFBD616161F09F93BA,'996');
INSERT INTO T1_COLUMN VALUES(0xEFBFBD6161F09F93BA,'1000');
INSERT INTO T1_COLUMN VALUES(0xEFBFBD6263F09F93BA,'995');
INSERT INTO T1_COLUMN VALUES(0xF09F93B1E4B8ADE59BBDF09F93BA,'994');
INSERT INTO T1_COLUMN VALUES(0xF09F93B1E4B8AD61E59BBDF09F93BA,'993');
INSERT INTO T1_COLUMN VALUES(0xE4B8AD61E59BBDF09F93BA,'992');
SELECT * FROM T1_COLUMN WHERE C1='A';
C1	C2
A	123
a	123
SELECT * FROM T1_COLUMN WHERE C1='a';
C1	C2
A	123
a	123
SELECT * FROM T1_COLUMN WHERE C1='AB';
C1	C2
AB	123
ab	123
SELECT * FROM T1_COLUMN WHERE C1='ab';
C1	C2
AB	123
ab	123
SELECT * FROM T1_COLUMN WHERE C1='abc';
C1	C2
SELECT * FROM T1_COLUMN WHERE C1 in ('abc', 'AB');
C1	C2
AB	123
ab	123
SELECT * FROM T1_COLUMN WHERE C1 in ('ABC', 'CDE', 'cde');
C1	C2
cde	123
CDE	123
CDE	123
SELECT C2,HEX(C1) FROM T1_COLUMN where c1=0xF09F92BB6161F09F93BA;
C2	HEX(C1)
999	F09F92BB6161F09F93BA
998	F09F93BA6161F09F92BB
997	F09F93B16161F09F92BB
1000	EFBFBD6161F09F93BA
SELECT C2,HEX(C1) FROM T1_COLUMN where c1=0xF09F92BBE4B8ADE59BBDF09F93BA;
C2	HEX(C1)
994	F09F93B1E4B8ADE59BBDF09F93BA
SELECT * FROM T1_COLUMN WHERE C1>'ab';
C1	C2
B	123
b	123
cde	123
CDE	123
CDE	123
ä¸­å›½	123
ä¸­å›½äºº	123
ç¾Žå›½	123
ç¾Žå›½äºº	123
ä¸€	123
äºŒ	123
ä¸‰	123
ä¸€äºŒä¸‰	123
ä¸€abä¸‰	123
ä¸€aäºŒbä¸‰c	123
ðŸ’»aaðŸ“º	999
ðŸ“ºaaðŸ’»	998
ðŸ“±aaðŸ’»	997
ï¿½aaaðŸ“º	996
ï¿½aaðŸ“º	1000
ï¿½bcðŸ“º	995
ðŸ“±ä¸­å›½ðŸ“º	994
ðŸ“±ä¸­aå›½ðŸ“º	993
ä¸­aå›½ðŸ“º	992
SELECT * FROM T1_COLUMN WHERE C1>'AB';
C1	C2
B	123
b	123
cde	123
CDE	123
CDE	123
ä¸­å›½	123
ä¸­å›½äºº	123
ç¾Žå›½	123
ç¾Žå›½äºº	123
ä¸€	123
äºŒ	123
ä¸‰	123
ä¸€äºŒä¸‰	123
ä¸€abä¸‰	123
ä¸€aäºŒbä¸‰c	123
ðŸ’»aaðŸ“º	999
ðŸ“ºaaðŸ’»	998
ðŸ“±aaðŸ’»	997
ï¿½aaaðŸ“º	996
ï¿½aaðŸ“º	1000
ï¿½bcðŸ“º	995
ðŸ“±ä¸­å›½ðŸ“º	994
ðŸ“±ä¸­aå›½ðŸ“º	993
ä¸­aå›½ðŸ“º	992
SELECT COUNT(*) FROM T1_COLUMN WHERE C1>'ab';
COUNT(*)
24
SELECT COUNT(*) FROM T1_COLUMN WHERE C1>'AB';
COUNT(*)
24
SELECT * FROM T1_COLUMN WHERE C1>'a';
C1	C2
AB	123
ab	123
B	123
b	123
cde	123
CDE	123
CDE	123
ä¸­å›½	123
ä¸­å›½äºº	123
ç¾Žå›½	123
ç¾Žå›½äºº	123
ä¸€	123
äºŒ	123
ä¸‰	123
ä¸€äºŒä¸‰	123
ä¸€abä¸‰	123
ä¸€aäºŒbä¸‰c	123
ðŸ’»aaðŸ“º	999
ðŸ“ºaaðŸ’»	998
ðŸ“±aaðŸ’»	997
ï¿½aaaðŸ“º	996
ï¿½aaðŸ“º	1000
ï¿½bcðŸ“º	995
ðŸ“±ä¸­å›½ðŸ“º	994
ðŸ“±ä¸­aå›½ðŸ“º	993
ä¸­aå›½ðŸ“º	992
SELECT * FROM T1_COLUMN WHERE C1>='a';
C1	C2
A	123
AB	123
a	123
ab	123
B	123
b	123
cde	123
CDE	123
CDE	123
ä¸­å›½	123
ä¸­å›½äºº	123
ç¾Žå›½	123
ç¾Žå›½äºº	123
ä¸€	123
äºŒ	123
ä¸‰	123
ä¸€äºŒä¸‰	123
ä¸€abä¸‰	123
ä¸€aäºŒbä¸‰c	123
ðŸ’»aaðŸ“º	999
ðŸ“ºaaðŸ’»	998
ðŸ“±aaðŸ’»	997
ï¿½aaaðŸ“º	996
ï¿½aaðŸ“º	1000
ï¿½bcðŸ“º	995
ðŸ“±ä¸­å›½ðŸ“º	994
ðŸ“±ä¸­aå›½ðŸ“º	993
ä¸­aå›½ðŸ“º	992
SELECT * FROM T1_COLUMN WHERE C1>='ab';
C1	C2
AB	123
ab	123
B	123
b	123
cde	123
CDE	123
CDE	123
ä¸­å›½	123
ä¸­å›½äºº	123
ç¾Žå›½	123
ç¾Žå›½äºº	123
ä¸€	123
äºŒ	123
ä¸‰	123
ä¸€äºŒä¸‰	123
ä¸€abä¸‰	123
ä¸€aäºŒbä¸‰c	123
ðŸ’»aaðŸ“º	999
ðŸ“ºaaðŸ’»	998
ðŸ“±aaðŸ’»	997
ï¿½aaaðŸ“º	996
ï¿½aaðŸ“º	1000
ï¿½bcðŸ“º	995
ðŸ“±ä¸­å›½ðŸ“º	994
ðŸ“±ä¸­aå›½ðŸ“º	993
ä¸­aå›½ðŸ“º	992
SELECT * FROM T1_COLUMN WHERE C1>='AB';
C1	C2
AB	123
ab	123
B	123
b	123
cde	123
CDE	123
CDE	123
ä¸­å›½	123
ä¸­å›½äºº	123
ç¾Žå›½	123
ç¾Žå›½äºº	123
ä¸€	123
äºŒ	123
ä¸‰	123
ä¸€äºŒä¸‰	123
ä¸€abä¸‰	123
ä¸€aäºŒbä¸‰c	123
ðŸ’»aaðŸ“º	999
ðŸ“ºaaðŸ’»	998
ðŸ“±aaðŸ’»	997
ï¿½aaaðŸ“º	996
ï¿½aaðŸ“º	1000
ï¿½bcðŸ“º	995
ðŸ“±ä¸­å›½ðŸ“º	994
ðŸ“±ä¸­aå›½ðŸ“º	993
ä¸­aå›½ðŸ“º	992
SELECT * FROM T1_COLUMN WHERE C1<'ab';
C1	C2
A	123
a	123
SELECT * FROM T1_COLUMN WHERE C1<='AB';
C1	C2
A	123
AB	123
a	123
ab	123
SELECT C2,HEX(C1) FROM T1_COLUMN where c1>0xF09F92BB6161F09F93BA;
C2	HEX(C1)
995	EFBFBD6263F09F93BA
994	F09F93B1E4B8ADE59BBDF09F93BA
993	F09F93B1E4B8AD61E59BBDF09F93BA
SELECT C2,HEX(C1) FROM T1_COLUMN where c1>=0xF09F92BB6161F09F93BA;
C2	HEX(C1)
999	F09F92BB6161F09F93BA
998	F09F93BA6161F09F92BB
997	F09F93B16161F09F92BB
1000	EFBFBD6161F09F93BA
995	EFBFBD6263F09F93BA
994	F09F93B1E4B8ADE59BBDF09F93BA
993	F09F93B1E4B8AD61E59BBDF09F93BA
SELECT C2,HEX(C1) FROM T1_COLUMN where c1<0xF09F92BB6161F09F93BA;
C2	HEX(C1)
123	41
123	4142
123	61
123	6162
123	42
123	62
123	636465
123	434445
123	434445
123	E4B8ADE59BBD
123	E4B8ADE59BBDE4BABA
123	E7BE8EE59BBD
123	E7BE8EE59BBDE4BABA
123	E4B880
123	E4BA8C
123	E4B889
123	E4B880E4BA8CE4B889
123	E4B8806162E4B889
123	E4B88061E4BA8C62E4B88963
996	EFBFBD616161F09F93BA
992	E4B8AD61E59BBDF09F93BA
SELECT C2,HEX(C1) FROM T1_COLUMN where c1<=0xF09F92BB6161F09F93BA;
C2	HEX(C1)
123	41
123	4142
123	61
123	6162
123	42
123	62
123	636465
123	434445
123	434445
123	E4B8ADE59BBD
123	E4B8ADE59BBDE4BABA
123	E7BE8EE59BBD
123	E7BE8EE59BBDE4BABA
123	E4B880
123	E4BA8C
123	E4B889
123	E4B880E4BA8CE4B889
123	E4B8806162E4B889
123	E4B88061E4BA8C62E4B88963
999	F09F92BB6161F09F93BA
998	F09F93BA6161F09F92BB
997	F09F93B16161F09F92BB
996	EFBFBD616161F09F93BA
1000	EFBFBD6161F09F93BA
992	E4B8AD61E59BBDF09F93BA
SELECT C2,HEX(C1) FROM T1_COLUMN where c1>0xF09F92BB6161;
C2	HEX(C1)
999	F09F92BB6161F09F93BA
998	F09F93BA6161F09F92BB
997	F09F93B16161F09F92BB
996	EFBFBD616161F09F93BA
1000	EFBFBD6161F09F93BA
995	EFBFBD6263F09F93BA
994	F09F93B1E4B8ADE59BBDF09F93BA
993	F09F93B1E4B8AD61E59BBDF09F93BA
SELECT * FROM T1_COLUMN ORDER BY C1 ASC;
C1	C2
a	123
A	123
AB	123
ab	123
B	123
b	123
cde	123
CDE	123
CDE	123
ä¸€	123
ä¸€abä¸‰	123
ä¸€aäºŒbä¸‰c	123
ä¸€äºŒä¸‰	123
ä¸‰	123
ä¸­aå›½ðŸ“º	992
ä¸­å›½	123
ä¸­å›½äºº	123
äºŒ	123
ç¾Žå›½	123
ç¾Žå›½äºº	123
ï¿½aaaðŸ“º	996
ðŸ’»aaðŸ“º	999
ðŸ“ºaaðŸ’»	998
ðŸ“±aaðŸ’»	997
ï¿½aaðŸ“º	1000
ï¿½bcðŸ“º	995
ðŸ“±ä¸­aå›½ðŸ“º	993
ðŸ“±ä¸­å›½ðŸ“º	994
SELECT * FROM T1_COLUMN ORDER BY C1 DESC;
C1	C2
ðŸ“±ä¸­å›½ðŸ“º	994
ðŸ“±ä¸­aå›½ðŸ“º	993
ï¿½bcðŸ“º	995
ï¿½aaðŸ“º	1000
ðŸ“±aaðŸ’»	997
ðŸ“ºaaðŸ’»	998
ðŸ’»aaðŸ“º	999
ï¿½aaaðŸ“º	996
ç¾Žå›½äºº	123
ç¾Žå›½	123
äºŒ	123
ä¸­å›½äºº	123
ä¸­å›½	123
ä¸­aå›½ðŸ“º	992
ä¸‰	123
ä¸€äºŒä¸‰	123
ä¸€aäºŒbä¸‰c	123
ä¸€abä¸‰	123
ä¸€	123
CDE	123
CDE	123
cde	123
b	123
B	123
ab	123
AB	123
a	123
A	123
SELECT * FROM T1_COLUMN WHERE C1>'ab' ORDER BY C1 DESC;
C1	C2
ðŸ“±ä¸­å›½ðŸ“º	994
ðŸ“±ä¸­aå›½ðŸ“º	993
ï¿½bcðŸ“º	995
ï¿½aaðŸ“º	1000
ðŸ“±aaðŸ’»	997
ðŸ“ºaaðŸ’»	998
ðŸ’»aaðŸ“º	999
ï¿½aaaðŸ“º	996
ç¾Žå›½äºº	123
ç¾Žå›½	123
äºŒ	123
ä¸­å›½äºº	123
ä¸­å›½	123
ä¸­aå›½ðŸ“º	992
ä¸‰	123
ä¸€äºŒä¸‰	123
ä¸€aäºŒbä¸‰c	123
ä¸€abä¸‰	123
ä¸€	123
CDE	123
CDE	123
cde	123
B	123
b	123
SELECT * FROM T1_COLUMN WHERE C1>'ab' ORDER BY C1 ASC;
C1	C2
b	123
B	123
cde	123
CDE	123
CDE	123
ä¸€	123
ä¸€abä¸‰	123
ä¸€aäºŒbä¸‰c	123
ä¸€äºŒä¸‰	123
ä¸‰	123
ä¸­aå›½ðŸ“º	992
ä¸­å›½	123
ä¸­å›½äºº	123
äºŒ	123
ç¾Žå›½	123
ç¾Žå›½äºº	123
ï¿½aaaðŸ“º	996
ðŸ’»aaðŸ“º	999
ðŸ“ºaaðŸ’»	998
ðŸ“±aaðŸ’»	997
ï¿½aaðŸ“º	1000
ï¿½bcðŸ“º	995
ðŸ“±ä¸­aå›½ðŸ“º	993
ðŸ“±ä¸­å›½ðŸ“º	994
SELECT C2,HEX(C1) FROM T1_COLUMN where c1>=0xF09F92BB6161F09F93BA ORDER BY C1 DESC;
C2	HEX(C1)
994	F09F93B1E4B8ADE59BBDF09F93BA
993	F09F93B1E4B8AD61E59BBDF09F93BA
995	EFBFBD6263F09F93BA
999	F09F92BB6161F09F93BA
998	F09F93BA6161F09F92BB
997	F09F93B16161F09F92BB
1000	EFBFBD6161F09F93BA
SELECT C2,HEX(C1) FROM T1_COLUMN where c1>=0xF09F92BB6161F09F93BA ORDER BY C1 ASC;
C2	HEX(C1)
999	F09F92BB6161F09F93BA
998	F09F93BA6161F09F92BB
997	F09F93B16161F09F92BB
1000	EFBFBD6161F09F93BA
995	EFBFBD6263F09F93BA
993	F09F93B1E4B8AD61E59BBDF09F93BA
994	F09F93B1E4B8ADE59BBDF09F93BA
SELECT * FROM T1_COLUMN WHERE C1 LIKE 'ab%';
C1	C2
AB	123
ab	123
SELECT * FROM T1_COLUMN WHERE C1 LIKE 'AB%';
C1	C2
AB	123
ab	123
SELECT * FROM T1_COLUMN WHERE C1 LIKE '%c%';
C1	C2
cde	123
CDE	123
CDE	123
ä¸€aäºŒbä¸‰c	123
ï¿½bcðŸ“º	995
SELECT * FROM T1_COLUMN WHERE C1 LIKE '%CD%';
C1	C2
cde	123
CDE	123
CDE	123
SELECT COUNT(*) FROM T1_COLUMN;
COUNT(*)
28
SELECT * FROM T1_COLUMN WHERE C1>'ä¸€';
C1	C2
ä¸­å›½	123
ä¸­å›½äºº	123
ç¾Žå›½	123
ç¾Žå›½äºº	123
äºŒ	123
ä¸‰	123
ä¸€äºŒä¸‰	123
ä¸€abä¸‰	123
ä¸€aäºŒbä¸‰c	123
ðŸ’»aaðŸ“º	999
ðŸ“ºaaðŸ’»	998
ðŸ“±aaðŸ’»	997
ï¿½aaaðŸ“º	996
ï¿½aaðŸ“º	1000
ï¿½bcðŸ“º	995
ðŸ“±ä¸­å›½ðŸ“º	994
ðŸ“±ä¸­aå›½ðŸ“º	993
ä¸­aå›½ðŸ“º	992
SELECT * FROM T1_COLUMN WHERE C1='ä¸€';
C1	C2
ä¸€	123
SELECT * FROM T1_COLUMN WHERE C1<'ä¸€';
C1	C2
A	123
AB	123
a	123
ab	123
B	123
b	123
cde	123
CDE	123
CDE	123
SELECT * FROM T1_COLUMN WHERE C1>'ä¸€';
C1	C2
ä¸­å›½	123
ä¸­å›½äºº	123
ç¾Žå›½	123
ç¾Žå›½äºº	123
äºŒ	123
ä¸‰	123
ä¸€äºŒä¸‰	123
ä¸€abä¸‰	123
ä¸€aäºŒbä¸‰c	123
ðŸ’»aaðŸ“º	999
ðŸ“ºaaðŸ’»	998
ðŸ“±aaðŸ’»	997
ï¿½aaaðŸ“º	996
ï¿½aaðŸ“º	1000
ï¿½bcðŸ“º	995
ðŸ“±ä¸­å›½ðŸ“º	994
ðŸ“±ä¸­aå›½ðŸ“º	993
ä¸­aå›½ðŸ“º	992
SELECT * FROM T1_COLUMN WHERE C1='ä¸­å›½';
C1	C2
ä¸­å›½	123
SELECT * FROM T1_COLUMN WHERE C1='ä¸­1';
C1	C2
SELECT * FROM T1_COLUMN WHERE C1<='ä¸­1å›½';
C1	C2
A	123
AB	123
a	123
ab	123
B	123
b	123
cde	123
CDE	123
CDE	123
ä¸€	123
ä¸‰	123
ä¸€äºŒä¸‰	123
ä¸€abä¸‰	123
ä¸€aäºŒbä¸‰c	123
SELECT * FROM T1_COLUMN WHERE C1>='ç¾Žå›½';
C1	C2
ç¾Žå›½	123
ç¾Žå›½äºº	123
ðŸ’»aaðŸ“º	999
ðŸ“ºaaðŸ’»	998
ðŸ“±aaðŸ’»	997
ï¿½aaaðŸ“º	996
ï¿½aaðŸ“º	1000
ï¿½bcðŸ“º	995
ðŸ“±ä¸­å›½ðŸ“º	994
ðŸ“±ä¸­aå›½ðŸ“º	993
SELECT * FROM T1_COLUMN WHERE C1 in ('ä¸€', 'äºŒ', 'ç¾Žå›½', 'AB');
C1	C2
AB	123
ab	123
ç¾Žå›½	123
ä¸€	123
äºŒ	123
SELECT * FROM T1_COLUMN WHERE C1 LIKE 'ä¸€%';
C1	C2
ä¸€	123
ä¸€äºŒä¸‰	123
ä¸€abä¸‰	123
ä¸€aäºŒbä¸‰c	123
SELECT * FROM T1_COLUMN WHERE C1 LIKE '%ä¸€%';
C1	C2
ä¸€	123
ä¸€äºŒä¸‰	123
ä¸€abä¸‰	123
ä¸€aäºŒbä¸‰c	123
SELECT * FROM T1_COLUMN WHERE C1 LIKE '%ä¸€';
C1	C2
ä¸€	123
SELECT C2,HEX(C1) FROM T1_COLUMN where c1 LIKE '%ä¸­å›½%';
C2	HEX(C1)
123	E4B8ADE59BBD
123	E4B8ADE59BBDE4BABA
994	F09F93B1E4B8ADE59BBDF09F93BA
SELECT C2,HEX(C1) FROM T1_COLUMN where c1 LIKE '%ä¸­aå›½%';
C2	HEX(C1)
993	F09F93B1E4B8AD61E59BBDF09F93BA
992	E4B8AD61E59BBDF09F93BA
SELECT C2,HEX(C1) FROM T1_COLUMN where c1 LIKE 'ä¸­å›½%';
C2	HEX(C1)
123	E4B8ADE59BBD
123	E4B8ADE59BBDE4BABA
UPDATE T1_COLUMN SET C2='KFC' WHERE C1>='ä¸­å›½';
SELECT * FROM T1_COLUMN;
C1	C2
A	123
AB	123
a	123
ab	123
B	123
b	123
cde	123
CDE	123
CDE	123
ä¸­å›½	KFC
ä¸­å›½äºº	KFC
ç¾Žå›½	KFC
ç¾Žå›½äºº	KFC
ä¸€	123
äºŒ	KFC
ä¸‰	123
ä¸€äºŒä¸‰	123
ä¸€abä¸‰	123
ä¸€aäºŒbä¸‰c	123
ðŸ’»aaðŸ“º	KFC
ðŸ“ºaaðŸ’»	KFC
ðŸ“±aaðŸ’»	KFC
ï¿½aaaðŸ“º	KFC
ï¿½aaðŸ“º	KFC
ï¿½bcðŸ“º	KFC
ðŸ“±ä¸­å›½ðŸ“º	KFC
ðŸ“±ä¸­aå›½ðŸ“º	KFC
ä¸­aå›½ðŸ“º	992
UPDATE T1_COLUMN SET C2='KFC' WHERE C1>='AB';
SELECT * FROM T1_COLUMN;
C1	C2
A	123
AB	KFC
a	123
ab	KFC
B	KFC
b	KFC
cde	KFC
CDE	KFC
CDE	KFC
ä¸­å›½	KFC
ä¸­å›½äºº	KFC
ç¾Žå›½	KFC
ç¾Žå›½äºº	KFC
ä¸€	KFC
äºŒ	KFC
ä¸‰	KFC
ä¸€äºŒä¸‰	KFC
ä¸€abä¸‰	KFC
ä¸€aäºŒbä¸‰c	KFC
ðŸ’»aaðŸ“º	KFC
ðŸ“ºaaðŸ’»	KFC
ðŸ“±aaðŸ’»	KFC
ï¿½aaaðŸ“º	KFC
ï¿½aaðŸ“º	KFC
ï¿½bcðŸ“º	KFC
ðŸ“±ä¸­å›½ðŸ“º	KFC
ðŸ“±ä¸­aå›½ðŸ“º	KFC
ä¸­aå›½ðŸ“º	KFC
DELETE FROM T1_COLUMN WHERE C1>='ä¸­å›½';
SELECT * FROM T1_COLUMN;
C1	C2
A	123
AB	KFC
a	123
ab	KFC
B	KFC
b	KFC
cde	KFC
CDE	KFC
CDE	KFC
ä¸€	KFC
ä¸‰	KFC
ä¸€äºŒä¸‰	KFC
ä¸€abä¸‰	KFC
ä¸€aäºŒbä¸‰c	KFC
ä¸­aå›½ðŸ“º	KFC
DELETE FROM T1_COLUMN WHERE C1>='ab';
SELECT * FROM T1_COLUMN;
C1	C2
A	123
a	123
CREATE TABLE T1_TEXT(C1 TEXT, C2 VARCHAR(100)) CHARACTER SET UTF8MB4,COLLATE UTF8MB4_GENERAL_CI;
INSERT INTO T1_TEXT VALUES('A', '123');
INSERT INTO T1_TEXT VALUES('AB', '123');
INSERT INTO T1_TEXT VALUES('a', '123');
INSERT INTO T1_TEXT VALUES('ab', '123');
INSERT INTO T1_TEXT VALUES('B', '123');
INSERT INTO T1_TEXT VALUES('b', '123');
INSERT INTO T1_TEXT VALUES('cde', '123');
INSERT INTO T1_TEXT VALUES('CDE', '123');
INSERT INTO T1_TEXT VALUES('CDE', '123');
INSERT INTO T1_TEXT VALUES('ä¸­å›½', '123');
INSERT INTO T1_TEXT VALUES('ä¸­å›½äºº', '123');
INSERT INTO T1_TEXT VALUES('ç¾Žå›½', '123');
INSERT INTO T1_TEXT VALUES('ç¾Žå›½äºº', '123');
INSERT INTO T1_TEXT VALUES('ä¸€', '123');
INSERT INTO T1_TEXT VALUES('äºŒ', '123');
INSERT INTO T1_TEXT VALUES('ä¸‰', '123');
INSERT INTO T1_TEXT VALUES('ä¸€äºŒä¸‰','123');
INSERT INTO T1_TEXT VALUES('ä¸€abä¸‰','123');
INSERT INTO T1_TEXT VALUES('ä¸€aäºŒbä¸‰c','123');
INSERT INTO T1_TEXT VALUES(0xF09F92BB6161F09F93BA,'999');
INSERT INTO T1_TEXT VALUES(0xF09F93BA6161F09F92BB,'998');
INSERT INTO T1_TEXT VALUES(0xF09F93B16161F09F92BB,'997');
INSERT INTO T1_TEXT VALUES(0xEFBFBD616161F09F93BA,'996');
INSERT INTO T1_TEXT VALUES(0xEFBFBD6161F09F93BA,'1000');
INSERT INTO T1_TEXT VALUES(0xEFBFBD6263F09F93BA,'995');
INSERT INTO T1_TEXT VALUES(0xF09F93B1E4B8ADE59BBDF09F93BA,'994');
INSERT INTO T1_TEXT VALUES(0xF09F93B1E4B8AD61E59BBDF09F93BA,'993');
INSERT INTO T1_TEXT VALUES(0xE4B8AD61E59BBDF09F93BA,'992');
SELECT * FROM T1_TEXT WHERE C1='A';
C1	C2
A	123
a	123
SELECT * FROM T1_TEXT WHERE C1='a';
C1	C2
A	123
a	123
SELECT * FROM T1_TEXT WHERE C1='AB';
C1	C2
AB	123
ab	123
SELECT * FROM T1_TEXT WHERE C1='ab';
C1	C2
AB	123
ab	123
SELECT * FROM T1_TEXT WHERE C1='abc';
C1	C2
SELECT * FROM T1_TEXT WHERE C1 in ('abc', 'AB');
C1	C2
AB	123
ab	123
SELECT * FROM T1_TEXT WHERE C1 in ('ABC', 'CDE', 'cde');
C1	C2
cde	123
CDE	123
CDE	123
SELECT C2,HEX(C1) FROM T1_TEXT where c1=0xF09F92BB6161F09F93BA;
C2	HEX(C1)
999	F09F92BB6161F09F93BA
998	F09F93BA6161F09F92BB
997	F09F93B16161F09F92BB
1000	EFBFBD6161F09F93BA
SELECT C2,HEX(C1) FROM T1_TEXT where c1=0xF09F92BBE4B8ADE59BBDF09F93BA;
C2	HEX(C1)
994	F09F93B1E4B8ADE59BBDF09F93BA
SELECT * FROM T1_TEXT WHERE C1>'ab';
C1	C2
B	123
b	123
cde	123
CDE	123
CDE	123
ä¸­å›½	123
ä¸­å›½äºº	123
ç¾Žå›½	123
ç¾Žå›½äºº	123
ä¸€	123
äºŒ	123
ä¸‰	123
ä¸€äºŒä¸‰	123
ä¸€abä¸‰	123
ä¸€aäºŒbä¸‰c	123
ðŸ’»aaðŸ“º	999
ðŸ“ºaaðŸ’»	998
ðŸ“±aaðŸ’»	997
ï¿½aaaðŸ“º	996
ï¿½aaðŸ“º	1000
ï¿½bcðŸ“º	995
ðŸ“±ä¸­å›½ðŸ“º	994
ðŸ“±ä¸­aå›½ðŸ“º	993
ä¸­aå›½ðŸ“º	992
SELECT * FROM T1_TEXT WHERE C1>'AB';
C1	C2
B	123
b	123
cde	123
CDE	123
CDE	123
ä¸­å›½	123
ä¸­å›½äºº	123
ç¾Žå›½	123
ç¾Žå›½äºº	123
ä¸€	123
äºŒ	123
ä¸‰	123
ä¸€äºŒä¸‰	123
ä¸€abä¸‰	123
ä¸€aäºŒbä¸‰c	123
ðŸ’»aaðŸ“º	999
ðŸ“ºaaðŸ’»	998
ðŸ“±aaðŸ’»	997
ï¿½aaaðŸ“º	996
ï¿½aaðŸ“º	1000
ï¿½bcðŸ“º	995
ðŸ“±ä¸­å›½ðŸ“º	994
ðŸ“±ä¸­aå›½ðŸ“º	993
ä¸­aå›½ðŸ“º	992
SELECT COUNT(*) FROM T1_TEXT WHERE C1>'ab';
COUNT(*)
24
SELECT COUNT(*) FROM T1_TEXT WHERE C1>'AB';
COUNT(*)
24
SELECT * FROM T1_TEXT WHERE C1>'a';
C1	C2
AB	123
ab	123
B	123
b	123
cde	123
CDE	123
CDE	123
ä¸­å›½	123
ä¸­å›½äºº	123
ç¾Žå›½	123
ç¾Žå›½äºº	123
ä¸€	123
äºŒ	123
ä¸‰	123
ä¸€äºŒä¸‰	123
ä¸€abä¸‰	123
ä¸€aäºŒbä¸‰c	123
ðŸ’»aaðŸ“º	999
ðŸ“ºaaðŸ’»	998
ðŸ“±aaðŸ’»	997
ï¿½aaaðŸ“º	996
ï¿½aaðŸ“º	1000
ï¿½bcðŸ“º	995
ðŸ“±ä¸­å›½ðŸ“º	994
ðŸ“±ä¸­aå›½ðŸ“º	993
ä¸­aå›½ðŸ“º	992
SELECT * FROM T1_TEXT WHERE C1>='a';
C1	C2
A	123
AB	123
a	123
ab	123
B	123
b	123
cde	123
CDE	123
CDE	123
ä¸­å›½	123
ä¸­å›½äºº	123
ç¾Žå›½	123
ç¾Žå›½äºº	123
ä¸€	123
äºŒ	123
ä¸‰	123
ä¸€äºŒä¸‰	123
ä¸€abä¸‰	123
ä¸€aäºŒbä¸‰c	123
ðŸ’»aaðŸ“º	999
ðŸ“ºaaðŸ’»	998
ðŸ“±aaðŸ’»	997
ï¿½aaaðŸ“º	996
ï¿½aaðŸ“º	1000
ï¿½bcðŸ“º	995
ðŸ“±ä¸­å›½ðŸ“º	994
ðŸ“±ä¸­aå›½ðŸ“º	993
ä¸­aå›½ðŸ“º	992
SELECT * FROM T1_TEXT WHERE C1>='ab';
C1	C2
AB	123
ab	123
B	123
b	123
cde	123
CDE	123
CDE	123
ä¸­å›½	123
ä¸­å›½äºº	123
ç¾Žå›½	123
ç¾Žå›½äºº	123
ä¸€	123
äºŒ	123
ä¸‰	123
ä¸€äºŒä¸‰	123
ä¸€abä¸‰	123
ä¸€aäºŒbä¸‰c	123
ðŸ’»aaðŸ“º	999
ðŸ“ºaaðŸ’»	998
ðŸ“±aaðŸ’»	997
ï¿½aaaðŸ“º	996
ï¿½aaðŸ“º	1000
ï¿½bcðŸ“º	995
ðŸ“±ä¸­å›½ðŸ“º	994
ðŸ“±ä¸­aå›½ðŸ“º	993
ä¸­aå›½ðŸ“º	992
SELECT * FROM T1_TEXT WHERE C1>='AB';
C1	C2
AB	123
ab	123
B	123
b	123
cde	123
CDE	123
CDE	123
ä¸­å›½	123
ä¸­å›½äºº	123
ç¾Žå›½	123
ç¾Žå›½äºº	123
ä¸€	123
äºŒ	123
ä¸‰	123
ä¸€äºŒä¸‰	123
ä¸€abä¸‰	123
ä¸€aäºŒbä¸‰c	123
ðŸ’»aaðŸ“º	999
ðŸ“ºaaðŸ’»	998
ðŸ“±aaðŸ’»	997
ï¿½aaaðŸ“º	996
ï¿½aaðŸ“º	1000
ï¿½bcðŸ“º	995
ðŸ“±ä¸­å›½ðŸ“º	994
ðŸ“±ä¸­aå›½ðŸ“º	993
ä¸­aå›½ðŸ“º	992
SELECT * FROM T1_TEXT WHERE C1<'ab';
C1	C2
A	123
a	123
SELECT * FROM T1_TEXT WHERE C1<='AB';
C1	C2
A	123
AB	123
a	123
ab	123
SELECT C2,HEX(C1) FROM T1_TEXT where c1>0xF09F92BB6161F09F93BA;
C2	HEX(C1)
995	EFBFBD6263F09F93BA
994	F09F93B1E4B8ADE59BBDF09F93BA
993	F09F93B1E4B8AD61E59BBDF09F93BA
SELECT C2,HEX(C1) FROM T1_TEXT where c1>=0xF09F92BB6161F09F93BA;
C2	HEX(C1)
999	F09F92BB6161F09F93BA
998	F09F93BA6161F09F92BB
997	F09F93B16161F09F92BB
1000	EFBFBD6161F09F93BA
995	EFBFBD6263F09F93BA
994	F09F93B1E4B8ADE59BBDF09F93BA
993	F09F93B1E4B8AD61E59BBDF09F93BA
SELECT C2,HEX(C1) FROM T1_TEXT where c1<0xF09F92BB6161F09F93BA;
C2	HEX(C1)
123	41
123	4142
123	61
123	6162
123	42
123	62
123	636465
123	434445
123	434445
123	E4B8ADE59BBD
123	E4B8ADE59BBDE4BABA
123	E7BE8EE59BBD
123	E7BE8EE59BBDE4BABA
123	E4B880
123	E4BA8C
123	E4B889
123	E4B880E4BA8CE4B889
123	E4B8806162E4B889
123	E4B88061E4BA8C62E4B88963
996	EFBFBD616161F09F93BA
992	E4B8AD61E59BBDF09F93BA
SELECT C2,HEX(C1) FROM T1_TEXT where c1<=0xF09F92BB6161F09F93BA;
C2	HEX(C1)
123	41
123	4142
123	61
123	6162
123	42
123	62
123	636465
123	434445
123	434445
123	E4B8ADE59BBD
123	E4B8ADE59BBDE4BABA
123	E7BE8EE59BBD
123	E7BE8EE59BBDE4BABA
123	E4B880
123	E4BA8C
123	E4B889
123	E4B880E4BA8CE4B889
123	E4B8806162E4B889
123	E4B88061E4BA8C62E4B88963
999	F09F92BB6161F09F93BA
998	F09F93BA6161F09F92BB
997	F09F93B16161F09F92BB
996	EFBFBD616161F09F93BA
1000	EFBFBD6161F09F93BA
992	E4B8AD61E59BBDF09F93BA
SELECT C2,HEX(C1) FROM T1_TEXT where c1>0xF09F92BB6161;
C2	HEX(C1)
999	F09F92BB6161F09F93BA
998	F09F93BA6161F09F92BB
997	F09F93B16161F09F92BB
996	EFBFBD616161F09F93BA
1000	EFBFBD6161F09F93BA
995	EFBFBD6263F09F93BA
994	F09F93B1E4B8ADE59BBDF09F93BA
993	F09F93B1E4B8AD61E59BBDF09F93BA
SELECT * FROM T1_TEXT ORDER BY C1 ASC;
C1	C2
a	123
A	123
AB	123
ab	123
B	123
b	123
cde	123
CDE	123
CDE	123
ä¸€	123
ä¸€abä¸‰	123
ä¸€aäºŒbä¸‰c	123
ä¸€äºŒä¸‰	123
ä¸‰	123
ä¸­aå›½ðŸ“º	992
ä¸­å›½	123
ä¸­å›½äºº	123
äºŒ	123
ç¾Žå›½	123
ç¾Žå›½äºº	123
ï¿½aaaðŸ“º	996
ðŸ’»aaðŸ“º	999
ðŸ“ºaaðŸ’»	998
ðŸ“±aaðŸ’»	997
ï¿½aaðŸ“º	1000
ï¿½bcðŸ“º	995
ðŸ“±ä¸­aå›½ðŸ“º	993
ðŸ“±ä¸­å›½ðŸ“º	994
SELECT * FROM T1_TEXT ORDER BY C1 DESC;
C1	C2
ðŸ“±ä¸­å›½ðŸ“º	994
ðŸ“±ä¸­aå›½ðŸ“º	993
ï¿½bcðŸ“º	995
ï¿½aaðŸ“º	1000
ðŸ“±aaðŸ’»	997
ðŸ“ºaaðŸ’»	998
ðŸ’»aaðŸ“º	999
ï¿½aaaðŸ“º	996
ç¾Žå›½äºº	123
ç¾Žå›½	123
äºŒ	123
ä¸­å›½äºº	123
ä¸­å›½	123
ä¸­aå›½ðŸ“º	992
ä¸‰	123
ä¸€äºŒä¸‰	123
ä¸€aäºŒbä¸‰c	123
ä¸€abä¸‰	123
ä¸€	123
CDE	123
CDE	123
cde	123
b	123
B	123
ab	123
AB	123
a	123
A	123
SELECT * FROM T1_TEXT WHERE C1>'ab' ORDER BY C1 DESC;
C1	C2
ðŸ“±ä¸­å›½ðŸ“º	994
ðŸ“±ä¸­aå›½ðŸ“º	993
ï¿½bcðŸ“º	995
ï¿½aaðŸ“º	1000
ðŸ“±aaðŸ’»	997
ðŸ“ºaaðŸ’»	998
ðŸ’»aaðŸ“º	999
ï¿½aaaðŸ“º	996
ç¾Žå›½äºº	123
ç¾Žå›½	123
äºŒ	123
ä¸­å›½äºº	123
ä¸­å›½	123
ä¸­aå›½ðŸ“º	992
ä¸‰	123
ä¸€äºŒä¸‰	123
ä¸€aäºŒbä¸‰c	123
ä¸€abä¸‰	123
ä¸€	123
CDE	123
CDE	123
cde	123
B	123
b	123
SELECT * FROM T1_TEXT WHERE C1>'ab' ORDER BY C1 ASC;
C1	C2
b	123
B	123
cde	123
CDE	123
CDE	123
ä¸€	123
ä¸€abä¸‰	123
ä¸€aäºŒbä¸‰c	123
ä¸€äºŒä¸‰	123
ä¸‰	123
ä¸­aå›½ðŸ“º	992
ä¸­å›½	123
ä¸­å›½äºº	123
äºŒ	123
ç¾Žå›½	123
ç¾Žå›½äºº	123
ï¿½aaaðŸ“º	996
ðŸ’»aaðŸ“º	999
ðŸ“ºaaðŸ’»	998
ðŸ“±aaðŸ’»	997
ï¿½aaðŸ“º	1000
ï¿½bcðŸ“º	995
ðŸ“±ä¸­aå›½ðŸ“º	993
ðŸ“±ä¸­å›½ðŸ“º	994
SELECT C2,HEX(C1) FROM T1_TEXT where c1>=0xF09F92BB6161F09F93BA ORDER BY C1 DESC;
C2	HEX(C1)
994	F09F93B1E4B8ADE59BBDF09F93BA
993	F09F93B1E4B8AD61E59BBDF09F93BA
995	EFBFBD6263F09F93BA
999	F09F92BB6161F09F93BA
998	F09F93BA6161F09F92BB
997	F09F93B16161F09F92BB
1000	EFBFBD6161F09F93BA
SELECT C2,HEX(C1) FROM T1_TEXT where c1>=0xF09F92BB6161F09F93BA ORDER BY C1 ASC;
C2	HEX(C1)
999	F09F92BB6161F09F93BA
998	F09F93BA6161F09F92BB
997	F09F93B16161F09F92BB
1000	EFBFBD6161F09F93BA
995	EFBFBD6263F09F93BA
993	F09F93B1E4B8AD61E59BBDF09F93BA
994	F09F93B1E4B8ADE59BBDF09F93BA
SELECT * FROM T1_TEXT WHERE C1 LIKE 'ab%';
C1	C2
AB	123
ab	123
SELECT * FROM T1_TEXT WHERE C1 LIKE 'AB%';
C1	C2
AB	123
ab	123
SELECT * FROM T1_TEXT WHERE C1 LIKE '%c%';
C1	C2
cde	123
CDE	123
CDE	123
ä¸€aäºŒbä¸‰c	123
ï¿½bcðŸ“º	995
SELECT * FROM T1_TEXT WHERE C1 LIKE '%CD%';
C1	C2
cde	123
CDE	123
CDE	123
SELECT COUNT(*) FROM T1_TEXT;
COUNT(*)
28
SELECT * FROM T1_TEXT WHERE C1>'ä¸€';
C1	C2
ä¸­å›½	123
ä¸­å›½äºº	123
ç¾Žå›½	123
ç¾Žå›½äºº	123
äºŒ	123
ä¸‰	123
ä¸€äºŒä¸‰	123
ä¸€abä¸‰	123
ä¸€aäºŒbä¸‰c	123
ðŸ’»aaðŸ“º	999
ðŸ“ºaaðŸ’»	998
ðŸ“±aaðŸ’»	997
ï¿½aaaðŸ“º	996
ï¿½aaðŸ“º	1000
ï¿½bcðŸ“º	995
ðŸ“±ä¸­å›½ðŸ“º	994
ðŸ“±ä¸­aå›½ðŸ“º	993
ä¸­aå›½ðŸ“º	992
SELECT * FROM T1_TEXT WHERE C1='ä¸€';
C1	C2
ä¸€	123
SELECT * FROM T1_TEXT WHERE C1<'ä¸€';
C1	C2
A	123
AB	123
a	123
ab	123
B	123
b	123
cde	123
CDE	123
CDE	123
SELECT * FROM T1_TEXT WHERE C1>'ä¸€';
C1	C2
ä¸­å›½	123
ä¸­å›½äºº	123
ç¾Žå›½	123
ç¾Žå›½äºº	123
äºŒ	123
ä¸‰	123
ä¸€äºŒä¸‰	123
ä¸€abä¸‰	123
ä¸€aäºŒbä¸‰c	123
ðŸ’»aaðŸ“º	999
ðŸ“ºaaðŸ’»	998
ðŸ“±aaðŸ’»	997
ï¿½aaaðŸ“º	996
ï¿½aaðŸ“º	1000
ï¿½bcðŸ“º	995
ðŸ“±ä¸­å›½ðŸ“º	994
ðŸ“±ä¸­aå›½ðŸ“º	993
ä¸­aå›½ðŸ“º	992
SELECT * FROM T1_TEXT WHERE C1='ä¸­å›½';
C1	C2
ä¸­å›½	123
SELECT * FROM T1_TEXT WHERE C1='ä¸­1';
C1	C2
SELECT * FROM T1_TEXT WHERE C1<='ä¸­1å›½';
C1	C2
A	123
AB	123
a	123
ab	123
B	123
b	123
cde	123
CDE	123
CDE	123
ä¸€	123
ä¸‰	123
ä¸€äºŒä¸‰	123
ä¸€abä¸‰	123
ä¸€aäºŒbä¸‰c	123
SELECT * FROM T1_TEXT WHERE C1>='ç¾Žå›½';
C1	C2
ç¾Žå›½	123
ç¾Žå›½äºº	123
ðŸ’»aaðŸ“º	999
ðŸ“ºaaðŸ’»	998
ðŸ“±aaðŸ’»	997
ï¿½aaaðŸ“º	996
ï¿½aaðŸ“º	1000
ï¿½bcðŸ“º	995
ðŸ“±ä¸­å›½ðŸ“º	994
ðŸ“±ä¸­aå›½ðŸ“º	993
SELECT * FROM T1_TEXT WHERE C1 in ('ä¸€', 'äºŒ', 'ç¾Žå›½', 'AB');
C1	C2
AB	123
ab	123
ç¾Žå›½	123
ä¸€	123
äºŒ	123
SELECT * FROM T1_TEXT WHERE C1 LIKE 'ä¸€%';
C1	C2
ä¸€	123
ä¸€äºŒä¸‰	123
ä¸€abä¸‰	123
ä¸€aäºŒbä¸‰c	123
SELECT * FROM T1_TEXT WHERE C1 LIKE '%ä¸€%';
C1	C2
ä¸€	123
ä¸€äºŒä¸‰	123
ä¸€abä¸‰	123
ä¸€aäºŒbä¸‰c	123
SELECT * FROM T1_TEXT WHERE C1 LIKE '%ä¸€';
C1	C2
ä¸€	123
SELECT C2,HEX(C1) FROM T1_TEXT where c1 LIKE '%ä¸­å›½%';
C2	HEX(C1)
123	E4B8ADE59BBD
123	E4B8ADE59BBDE4BABA
994	F09F93B1E4B8ADE59BBDF09F93BA
SELECT C2,HEX(C1) FROM T1_TEXT where c1 LIKE '%ä¸­aå›½%';
C2	HEX(C1)
993	F09F93B1E4B8AD61E59BBDF09F93BA
992	E4B8AD61E59BBDF09F93BA
SELECT C2,HEX(C1) FROM T1_TEXT where c1 LIKE 'ä¸­å›½%';
C2	HEX(C1)
123	E4B8ADE59BBD
123	E4B8ADE59BBDE4BABA
UPDATE T1_TEXT SET C2='KFC' WHERE C1>='ä¸­å›½';
SELECT * FROM T1_TEXT;
C1	C2
A	123
AB	123
a	123
ab	123
B	123
b	123
cde	123
CDE	123
CDE	123
ä¸­å›½	KFC
ä¸­å›½äºº	KFC
ç¾Žå›½	KFC
ç¾Žå›½äºº	KFC
ä¸€	123
äºŒ	KFC
ä¸‰	123
ä¸€äºŒä¸‰	123
ä¸€abä¸‰	123
ä¸€aäºŒbä¸‰c	123
ðŸ’»aaðŸ“º	KFC
ðŸ“ºaaðŸ’»	KFC
ðŸ“±aaðŸ’»	KFC
ï¿½aaaðŸ“º	KFC
ï¿½aaðŸ“º	KFC
ï¿½bcðŸ“º	KFC
ðŸ“±ä¸­å›½ðŸ“º	KFC
ðŸ“±ä¸­aå›½ðŸ“º	KFC
ä¸­aå›½ðŸ“º	992
UPDATE T1_TEXT SET C2='KFC' WHERE C1>='AB';
SELECT * FROM T1_TEXT;
C1	C2
A	123
AB	KFC
a	123
ab	KFC
B	KFC
b	KFC
cde	KFC
CDE	KFC
CDE	KFC
ä¸­å›½	KFC
ä¸­å›½äºº	KFC
ç¾Žå›½	KFC
ç¾Žå›½äºº	KFC
ä¸€	KFC
äºŒ	KFC
ä¸‰	KFC
ä¸€äºŒä¸‰	KFC
ä¸€abä¸‰	KFC
ä¸€aäºŒbä¸‰c	KFC
ðŸ’»aaðŸ“º	KFC
ðŸ“ºaaðŸ’»	KFC
ðŸ“±aaðŸ’»	KFC
ï¿½aaaðŸ“º	KFC
ï¿½aaðŸ“º	KFC
ï¿½bcðŸ“º	KFC
ðŸ“±ä¸­å›½ðŸ“º	KFC
ðŸ“±ä¸­aå›½ðŸ“º	KFC
ä¸­aå›½ðŸ“º	KFC
DELETE FROM T1_TEXT WHERE C1>='ä¸­å›½';
SELECT * FROM T1_TEXT;
C1	C2
A	123
AB	KFC
a	123
ab	KFC
B	KFC
b	KFC
cde	KFC
CDE	KFC
CDE	KFC
ä¸€	KFC
ä¸‰	KFC
ä¸€äºŒä¸‰	KFC
ä¸€abä¸‰	KFC
ä¸€aäºŒbä¸‰c	KFC
ä¸­aå›½ðŸ“º	KFC
DELETE FROM T1_TEXT WHERE C1>='ab';
SELECT * FROM T1_TEXT;
C1	C2
A	123
a	123
CREATE TABLE T1_PK(C1 VARCHAR(100), C2 VARCHAR(100), PRIMARY KEY(C1)) CHARACTER SET UTF8MB4,COLLATE UTF8MB4_GENERAL_CI;
INSERT INTO T1_PK VALUES('A', '123');
INSERT INTO T1_PK VALUES('AB', '123');
INSERT INTO T1_PK VALUES('a', '123');
ERROR 23000: Duplicate entry 'a' for key 'T1_PK.PRIMARY'
INSERT INTO T1_PK VALUES('ab', '123');
ERROR 23000: Duplicate entry 'ab' for key 'T1_PK.PRIMARY'
INSERT INTO T1_PK VALUES('b', '123');
INSERT INTO T1_PK VALUES('B', '123');
ERROR 23000: Duplicate entry 'B' for key 'T1_PK.PRIMARY'
INSERT INTO T1_PK VALUES('cde', '123');
INSERT INTO T1_PK VALUES('CDE', '123');
ERROR 23000: Duplicate entry 'CDE' for key 'T1_PK.PRIMARY'
INSERT INTO T1_PK VALUES('CDE', '123');
ERROR 23000: Duplicate entry 'CDE' for key 'T1_PK.PRIMARY'
INSERT INTO T1_PK VALUES('ä¸­å›½', '123');
INSERT INTO T1_PK VALUES('ä¸­å›½äºº', '123');
INSERT INTO T1_PK VALUES('ç¾Žå›½', '123');
INSERT INTO T1_PK VALUES('ç¾Žå›½äºº', '123');
INSERT INTO T1_PK VALUES('ä¸€', '123');
INSERT INTO T1_PK VALUES('äºŒ', '123');
INSERT INTO T1_PK VALUES('ä¸‰', '123');
INSERT INTO T1_PK VALUES('ä¸€äºŒä¸‰','123');
INSERT INTO T1_PK VALUES('ä¸€abä¸‰','123');
INSERT INTO T1_PK VALUES('ä¸€aäºŒbä¸‰c','123');
INSERT INTO T1_PK VALUES(0xF09F92BB6161F09F93BA,'999');
INSERT INTO T1_PK VALUES(0xF09F93BA6161F09F92BB,'998');
ERROR 23000: Duplicate entry '?aa?' for key 'T1_PK.PRIMARY'
INSERT INTO T1_PK VALUES(0xF09F93B16161F09F92BB,'997');
ERROR 23000: Duplicate entry '?aa?' for key 'T1_PK.PRIMARY'
INSERT INTO T1_PK VALUES(0xEFBFBD616161F09F93BA,'996');
INSERT INTO T1_PK VALUES(0xEFBFBD6161F09F93BA,'1000');
ERROR 23000: Duplicate entry 'ï¿½aa?' for key 'T1_PK.PRIMARY'
INSERT INTO T1_PK VALUES(0xEFBFBD6263F09F93BA,'995');
INSERT INTO T1_PK VALUES(0xF09F93B1E4B8ADE59BBDF09F93BA,'994');
INSERT INTO T1_PK VALUES(0xF09F93B1E4B8AD61E59BBDF09F93BA,'993');
INSERT INTO T1_PK VALUES(0xE4B8AD61E59BBDF09F93BA,'992');
SELECT * FROM T1_PK WHERE C1='A';
C1	C2
A	123
SELECT * FROM T1_PK WHERE C1='a';
C1	C2
A	123
SELECT * FROM T1_PK WHERE C1='AB';
C1	C2
AB	123
SELECT * FROM T1_PK WHERE C1='ab';
C1	C2
AB	123
SELECT * FROM T1_PK WHERE C1='abc';
C1	C2
SELECT * FROM T1_PK WHERE C1 in ('abc', 'AB');
C1	C2
AB	123
SELECT * FROM T1_PK WHERE C1 in ('ABC', 'CDE', 'cde');
C1	C2
cde	123
SELECT C2,HEX(C1) FROM T1_PK where c1=0xF09F92BB6161F09F93BA;
C2	HEX(C1)
999	F09F92BB6161F09F93BA
SELECT C2,HEX(C1) FROM T1_PK where c1=0xF09F92BBE4B8ADE59BBDF09F93BA;
C2	HEX(C1)
994	F09F93B1E4B8ADE59BBDF09F93BA
SELECT * FROM T1_PK WHERE C1>'ab';
C1	C2
b	123
cde	123
ä¸€	123
ä¸€abä¸‰	123
ä¸€aäºŒbä¸‰c	123
ä¸€äºŒä¸‰	123
ä¸‰	123
ä¸­aå›½ðŸ“º	992
ä¸­å›½	123
ä¸­å›½äºº	123
äºŒ	123
ç¾Žå›½	123
ç¾Žå›½äºº	123
ï¿½aaaðŸ“º	996
ðŸ’»aaðŸ“º	999
ï¿½bcðŸ“º	995
ðŸ“±ä¸­aå›½ðŸ“º	993
ðŸ“±ä¸­å›½ðŸ“º	994
SELECT * FROM T1_PK WHERE C1>'AB';
C1	C2
b	123
cde	123
ä¸€	123
ä¸€abä¸‰	123
ä¸€aäºŒbä¸‰c	123
ä¸€äºŒä¸‰	123
ä¸‰	123
ä¸­aå›½ðŸ“º	992
ä¸­å›½	123
ä¸­å›½äºº	123
äºŒ	123
ç¾Žå›½	123
ç¾Žå›½äºº	123
ï¿½aaaðŸ“º	996
ðŸ’»aaðŸ“º	999
ï¿½bcðŸ“º	995
ðŸ“±ä¸­aå›½ðŸ“º	993
ðŸ“±ä¸­å›½ðŸ“º	994
SELECT * FROM T1_PK WHERE C1>'a';
C1	C2
AB	123
b	123
cde	123
ä¸€	123
ä¸€abä¸‰	123
ä¸€aäºŒbä¸‰c	123
ä¸€äºŒä¸‰	123
ä¸‰	123
ä¸­aå›½ðŸ“º	992
ä¸­å›½	123
ä¸­å›½äºº	123
äºŒ	123
ç¾Žå›½	123
ç¾Žå›½äºº	123
ï¿½aaaðŸ“º	996
ðŸ’»aaðŸ“º	999
ï¿½bcðŸ“º	995
ðŸ“±ä¸­aå›½ðŸ“º	993
ðŸ“±ä¸­å›½ðŸ“º	994
SELECT * FROM T1_PK WHERE C1>='a';
C1	C2
A	123
AB	123
b	123
cde	123
ä¸€	123
ä¸€abä¸‰	123
ä¸€aäºŒbä¸‰c	123
ä¸€äºŒä¸‰	123
ä¸‰	123
ä¸­aå›½ðŸ“º	992
ä¸­å›½	123
ä¸­å›½äºº	123
äºŒ	123
ç¾Žå›½	123
ç¾Žå›½äºº	123
ï¿½aaaðŸ“º	996
ðŸ’»aaðŸ“º	999
ï¿½bcðŸ“º	995
ðŸ“±ä¸­aå›½ðŸ“º	993
ðŸ“±ä¸­å›½ðŸ“º	994
SELECT * FROM T1_PK WHERE C1>='ab';
C1	C2
AB	123
b	123
cde	123
ä¸€	123
ä¸€abä¸‰	123
ä¸€aäºŒbä¸‰c	123
ä¸€äºŒä¸‰	123
ä¸‰	123
ä¸­aå›½ðŸ“º	992
ä¸­å›½	123
ä¸­å›½äºº	123
äºŒ	123
ç¾Žå›½	123
ç¾Žå›½äºº	123
ï¿½aaaðŸ“º	996
ðŸ’»aaðŸ“º	999
ï¿½bcðŸ“º	995
ðŸ“±ä¸­aå›½ðŸ“º	993
ðŸ“±ä¸­å›½ðŸ“º	994
SELECT * FROM T1_PK WHERE C1>='AB';
C1	C2
AB	123
b	123
cde	123
ä¸€	123
ä¸€abä¸‰	123
ä¸€aäºŒbä¸‰c	123
ä¸€äºŒä¸‰	123
ä¸‰	123
ä¸­aå›½ðŸ“º	992
ä¸­å›½	123
ä¸­å›½äºº	123
äºŒ	123
ç¾Žå›½	123
ç¾Žå›½äºº	123
ï¿½aaaðŸ“º	996
ðŸ’»aaðŸ“º	999
ï¿½bcðŸ“º	995
ðŸ“±ä¸­aå›½ðŸ“º	993
ðŸ“±ä¸­å›½ðŸ“º	994
SELECT * FROM T1_PK WHERE C1<'ab';
C1	C2
A	123
SELECT * FROM T1_PK WHERE C1<='AB';
C1	C2
A	123
AB	123
SELECT C2,HEX(C1) FROM T1_PK where c1>0xF09F92BB6161F09F93BA;
C2	HEX(C1)
995	EFBFBD6263F09F93BA
993	F09F93B1E4B8AD61E59BBDF09F93BA
994	F09F93B1E4B8ADE59BBDF09F93BA
SELECT C2,HEX(C1) FROM T1_PK where c1>=0xF09F92BB6161F09F93BA;
C2	HEX(C1)
999	F09F92BB6161F09F93BA
995	EFBFBD6263F09F93BA
993	F09F93B1E4B8AD61E59BBDF09F93BA
994	F09F93B1E4B8ADE59BBDF09F93BA
SELECT C2,HEX(C1) FROM T1_PK where c1<0xF09F92BB6161F09F93BA;
C2	HEX(C1)
123	41
123	4142
123	62
123	636465
123	E4B880
123	E4B8806162E4B889
123	E4B88061E4BA8C62E4B88963
123	E4B880E4BA8CE4B889
123	E4B889
992	E4B8AD61E59BBDF09F93BA
123	E4B8ADE59BBD
123	E4B8ADE59BBDE4BABA
123	E4BA8C
123	E7BE8EE59BBD
123	E7BE8EE59BBDE4BABA
996	EFBFBD616161F09F93BA
SELECT C2,HEX(C1) FROM T1_PK where c1<=0xF09F92BB6161F09F93BA;
C2	HEX(C1)
123	41
123	4142
123	62
123	636465
123	E4B880
123	E4B8806162E4B889
123	E4B88061E4BA8C62E4B88963
123	E4B880E4BA8CE4B889
123	E4B889
992	E4B8AD61E59BBDF09F93BA
123	E4B8ADE59BBD
123	E4B8ADE59BBDE4BABA
123	E4BA8C
123	E7BE8EE59BBD
123	E7BE8EE59BBDE4BABA
996	EFBFBD616161F09F93BA
999	F09F92BB6161F09F93BA
SELECT C2,HEX(C1) FROM T1_PK where c1>0xF09F92BB6161;
C2	HEX(C1)
996	EFBFBD616161F09F93BA
999	F09F92BB6161F09F93BA
995	EFBFBD6263F09F93BA
993	F09F93B1E4B8AD61E59BBDF09F93BA
994	F09F93B1E4B8ADE59BBDF09F93BA
SELECT * FROM T1_PK ORDER BY C1 ASC;
C1	C2
A	123
AB	123
b	123
cde	123
ä¸€	123
ä¸€abä¸‰	123
ä¸€aäºŒbä¸‰c	123
ä¸€äºŒä¸‰	123
ä¸‰	123
ä¸­aå›½ðŸ“º	992
ä¸­å›½	123
ä¸­å›½äºº	123
äºŒ	123
ç¾Žå›½	123
ç¾Žå›½äºº	123
ï¿½aaaðŸ“º	996
ðŸ’»aaðŸ“º	999
ï¿½bcðŸ“º	995
ðŸ“±ä¸­aå›½ðŸ“º	993
ðŸ“±ä¸­å›½ðŸ“º	994
SELECT * FROM T1_PK ORDER BY C1 DESC;
C1	C2
ðŸ“±ä¸­å›½ðŸ“º	994
ðŸ“±ä¸­aå›½ðŸ“º	993
ï¿½bcðŸ“º	995
ðŸ’»aaðŸ“º	999
ï¿½aaaðŸ“º	996
ç¾Žå›½äºº	123
ç¾Žå›½	123
äºŒ	123
ä¸­å›½äºº	123
ä¸­å›½	123
ä¸­aå›½ðŸ“º	992
ä¸‰	123
ä¸€äºŒä¸‰	123
ä¸€aäºŒbä¸‰c	123
ä¸€abä¸‰	123
ä¸€	123
cde	123
b	123
AB	123
A	123
SELECT * FROM T1_PK WHERE C1>'ab' ORDER BY C1 DESC;
C1	C2
ðŸ“±ä¸­å›½ðŸ“º	994
ðŸ“±ä¸­aå›½ðŸ“º	993
ï¿½bcðŸ“º	995
ðŸ’»aaðŸ“º	999
ï¿½aaaðŸ“º	996
ç¾Žå›½äºº	123
ç¾Žå›½	123
äºŒ	123
ä¸­å›½äºº	123
ä¸­å›½	123
ä¸­aå›½ðŸ“º	992
ä¸‰	123
ä¸€äºŒä¸‰	123
ä¸€aäºŒbä¸‰c	123
ä¸€abä¸‰	123
ä¸€	123
cde	123
b	123
SELECT * FROM T1_PK WHERE C1>'ab' ORDER BY C1 ASC;
C1	C2
b	123
cde	123
ä¸€	123
ä¸€abä¸‰	123
ä¸€aäºŒbä¸‰c	123
ä¸€äºŒä¸‰	123
ä¸‰	123
ä¸­aå›½ðŸ“º	992
ä¸­å›½	123
ä¸­å›½äºº	123
äºŒ	123
ç¾Žå›½	123
ç¾Žå›½äºº	123
ï¿½aaaðŸ“º	996
ðŸ’»aaðŸ“º	999
ï¿½bcðŸ“º	995
ðŸ“±ä¸­aå›½ðŸ“º	993
ðŸ“±ä¸­å›½ðŸ“º	994
SELECT C2,HEX(C1) FROM T1_PK where c1>=0xF09F92BB6161F09F93BA ORDER BY C1 DESC;
C2	HEX(C1)
994	F09F93B1E4B8ADE59BBDF09F93BA
993	F09F93B1E4B8AD61E59BBDF09F93BA
995	EFBFBD6263F09F93BA
999	F09F92BB6161F09F93BA
SELECT C2,HEX(C1) FROM T1_PK where c1>=0xF09F92BB6161F09F93BA ORDER BY C1 ASC;
C2	HEX(C1)
999	F09F92BB6161F09F93BA
995	EFBFBD6263F09F93BA
993	F09F93B1E4B8AD61E59BBDF09F93BA
994	F09F93B1E4B8ADE59BBDF09F93BA
SELECT * FROM T1_PK WHERE C1 LIKE 'ab%';
C1	C2
AB	123
SELECT * FROM T1_PK WHERE C1 LIKE 'AB%';
C1	C2
AB	123
SELECT * FROM T1_PK WHERE C1 LIKE '%c%';
C1	C2
cde	123
ä¸€aäºŒbä¸‰c	123
ï¿½bcðŸ“º	995
SELECT * FROM T1_PK WHERE C1 LIKE '%CD%';
C1	C2
cde	123
SELECT * FROM T1_PK WHERE C1>'ä¸€';
C1	C2
ä¸€abä¸‰	123
ä¸€aäºŒbä¸‰c	123
ä¸€äºŒä¸‰	123
ä¸‰	123
ä¸­aå›½ðŸ“º	992
ä¸­å›½	123
ä¸­å›½äºº	123
äºŒ	123
ç¾Žå›½	123
ç¾Žå›½äºº	123
ï¿½aaaðŸ“º	996
ðŸ’»aaðŸ“º	999
ï¿½bcðŸ“º	995
ðŸ“±ä¸­aå›½ðŸ“º	993
ðŸ“±ä¸­å›½ðŸ“º	994
SELECT * FROM T1_PK WHERE C1='ä¸€';
C1	C2
ä¸€	123
SELECT * FROM T1_PK WHERE C1<'ä¸€';
C1	C2
A	123
AB	123
b	123
cde	123
SELECT * FROM T1_PK WHERE C1>'ä¸€';
C1	C2
ä¸€abä¸‰	123
ä¸€aäºŒbä¸‰c	123
ä¸€äºŒä¸‰	123
ä¸‰	123
ä¸­aå›½ðŸ“º	992
ä¸­å›½	123
ä¸­å›½äºº	123
äºŒ	123
ç¾Žå›½	123
ç¾Žå›½äºº	123
ï¿½aaaðŸ“º	996
ðŸ’»aaðŸ“º	999
ï¿½bcðŸ“º	995
ðŸ“±ä¸­aå›½ðŸ“º	993
ðŸ“±ä¸­å›½ðŸ“º	994
SELECT * FROM T1_PK WHERE C1='ä¸­å›½';
C1	C2
ä¸­å›½	123
SELECT * FROM T1_PK WHERE C1='ä¸­1';
C1	C2
SELECT * FROM T1_PK WHERE C1<='ä¸­1å›½';
C1	C2
A	123
AB	123
b	123
cde	123
ä¸€	123
ä¸€abä¸‰	123
ä¸€aäºŒbä¸‰c	123
ä¸€äºŒä¸‰	123
ä¸‰	123
SELECT * FROM T1_PK WHERE C1>='ç¾Žå›½';
C1	C2
ç¾Žå›½	123
ç¾Žå›½äºº	123
ï¿½aaaðŸ“º	996
ðŸ’»aaðŸ“º	999
ï¿½bcðŸ“º	995
ðŸ“±ä¸­aå›½ðŸ“º	993
ðŸ“±ä¸­å›½ðŸ“º	994
SELECT * FROM T1_PK WHERE C1 in ('ä¸€', 'äºŒ', 'ç¾Žå›½', 'AB');
C1	C2
AB	123
ä¸€	123
äºŒ	123
ç¾Žå›½	123
SELECT * FROM T1_PK WHERE C1 LIKE 'ä¸€%';
C1	C2
ä¸€	123
ä¸€abä¸‰	123
ä¸€aäºŒbä¸‰c	123
ä¸€äºŒä¸‰	123
SELECT * FROM T1_PK WHERE C1 LIKE '%ä¸€%';
C1	C2
ä¸€	123
ä¸€abä¸‰	123
ä¸€aäºŒbä¸‰c	123
ä¸€äºŒä¸‰	123
SELECT * FROM T1_PK WHERE C1 LIKE '%ä¸€';
C1	C2
ä¸€	123
SELECT C2,HEX(C1) FROM T1_PK where c1 LIKE '%ä¸­å›½%';
C2	HEX(C1)
123	E4B8ADE59BBD
123	E4B8ADE59BBDE4BABA
994	F09F93B1E4B8ADE59BBDF09F93BA
SELECT C2,HEX(C1) FROM T1_PK where c1 LIKE '%ä¸­aå›½%';
C2	HEX(C1)
992	E4B8AD61E59BBDF09F93BA
993	F09F93B1E4B8AD61E59BBDF09F93BA
SELECT C2,HEX(C1) FROM T1_PK where c1 LIKE 'ä¸­å›½%';
C2	HEX(C1)
123	E4B8ADE59BBD
123	E4B8ADE59BBDE4BABA
UPDATE T1_PK SET C2='KFC' WHERE C1>='ä¸­å›½';
SELECT * FROM T1_PK;
C1	C2
A	123
AB	123
b	123
cde	123
ä¸€	123
ä¸€abä¸‰	123
ä¸€aäºŒbä¸‰c	123
ä¸€äºŒä¸‰	123
ä¸‰	123
ä¸­aå›½ðŸ“º	992
ä¸­å›½	KFC
ä¸­å›½äºº	KFC
äºŒ	KFC
ç¾Žå›½	KFC
ç¾Žå›½äºº	KFC
ï¿½aaaðŸ“º	KFC
ðŸ’»aaðŸ“º	KFC
ï¿½bcðŸ“º	KFC
ðŸ“±ä¸­aå›½ðŸ“º	KFC
ðŸ“±ä¸­å›½ðŸ“º	KFC
UPDATE T1_PK SET C2='KFC' WHERE C1>='AB';
SELECT * FROM T1_PK;
C1	C2
A	123
AB	KFC
b	KFC
cde	KFC
ä¸€	KFC
ä¸€abä¸‰	KFC
ä¸€aäºŒbä¸‰c	KFC
ä¸€äºŒä¸‰	KFC
ä¸‰	KFC
ä¸­aå›½ðŸ“º	KFC
ä¸­å›½	KFC
ä¸­å›½äºº	KFC
äºŒ	KFC
ç¾Žå›½	KFC
ç¾Žå›½äºº	KFC
ï¿½aaaðŸ“º	KFC
ðŸ’»aaðŸ“º	KFC
ï¿½bcðŸ“º	KFC
ðŸ“±ä¸­aå›½ðŸ“º	KFC
ðŸ“±ä¸­å›½ðŸ“º	KFC
DELETE FROM T1_PK WHERE C1>='ä¸­å›½';
SELECT * FROM T1_PK;
C1	C2
A	123
AB	KFC
b	KFC
cde	KFC
ä¸€	KFC
ä¸€abä¸‰	KFC
ä¸€aäºŒbä¸‰c	KFC
ä¸€äºŒä¸‰	KFC
ä¸‰	KFC
ä¸­aå›½ðŸ“º	KFC
DELETE FROM T1_PK WHERE C1>='ab';
SELECT * FROM T1_PK;
C1	C2
A	123
CREATE TABLE T1_PK_CHAR(C1 CHAR(100), C2 CHAR(100), PRIMARY KEY(C1)) CHARACTER SET UTF8MB4,COLLATE UTF8MB4_GENERAL_CI;
INSERT INTO T1_PK_CHAR VALUES('A', '123');
INSERT INTO T1_PK_CHAR VALUES('AB', '123');
INSERT INTO T1_PK_CHAR VALUES('a', '123');
ERROR 23000: Duplicate entry 'a' for key 'T1_PK_CHAR.PRIMARY'
INSERT INTO T1_PK_CHAR VALUES('ab', '123');
ERROR 23000: Duplicate entry 'ab' for key 'T1_PK_CHAR.PRIMARY'
INSERT INTO T1_PK_CHAR VALUES('b', '123');
INSERT INTO T1_PK_CHAR VALUES('B', '123');
ERROR 23000: Duplicate entry 'B' for key 'T1_PK_CHAR.PRIMARY'
INSERT INTO T1_PK_CHAR VALUES('cde', '123');
INSERT INTO T1_PK_CHAR VALUES('CDE', '123');
ERROR 23000: Duplicate entry 'CDE' for key 'T1_PK_CHAR.PRIMARY'
INSERT INTO T1_PK_CHAR VALUES('CDE', '123');
ERROR 23000: Duplicate entry 'CDE' for key 'T1_PK_CHAR.PRIMARY'
INSERT INTO T1_PK_CHAR VALUES('ä¸­å›½', '123');
INSERT INTO T1_PK_CHAR VALUES('ä¸­å›½äºº', '123');
INSERT INTO T1_PK_CHAR VALUES('ç¾Žå›½', '123');
INSERT INTO T1_PK_CHAR VALUES('ç¾Žå›½äºº', '123');
INSERT INTO T1_PK_CHAR VALUES('ä¸€', '123');
INSERT INTO T1_PK_CHAR VALUES('äºŒ', '123');
INSERT INTO T1_PK_CHAR VALUES('ä¸‰', '123');
INSERT INTO T1_PK_CHAR VALUES('ä¸€äºŒä¸‰','123');
INSERT INTO T1_PK_CHAR VALUES('ä¸€abä¸‰','123');
INSERT INTO T1_PK_CHAR VALUES('ä¸€aäºŒbä¸‰c','123');
INSERT INTO T1_PK_CHAR VALUES(0xF09F92BB6161F09F93BA,'999');
INSERT INTO T1_PK_CHAR VALUES(0xF09F93BA6161F09F92BB,'998');
ERROR 23000: Duplicate entry '?aa?' for key 'T1_PK_CHAR.PRIMARY'
INSERT INTO T1_PK_CHAR VALUES(0xF09F93B16161F09F92BB,'997');
ERROR 23000: Duplicate entry '?aa?' for key 'T1_PK_CHAR.PRIMARY'
INSERT INTO T1_PK_CHAR VALUES(0xEFBFBD616161F09F93BA,'996');
INSERT INTO T1_PK_CHAR VALUES(0xEFBFBD6161F09F93BA,'1000');
ERROR 23000: Duplicate entry 'ï¿½aa?' for key 'T1_PK_CHAR.PRIMARY'
INSERT INTO T1_PK_CHAR VALUES(0xEFBFBD6263F09F93BA,'995');
INSERT INTO T1_PK_CHAR VALUES(0xF09F93B1E4B8ADE59BBDF09F93BA,'994');
INSERT INTO T1_PK_CHAR VALUES(0xF09F93B1E4B8AD61E59BBDF09F93BA,'993');
INSERT INTO T1_PK_CHAR VALUES(0xE4B8AD61E59BBDF09F93BA,'992');
SELECT * FROM T1_PK_CHAR WHERE C1='A';
C1	C2
A	123
SELECT * FROM T1_PK_CHAR WHERE C1='a';
C1	C2
A	123
SELECT * FROM T1_PK_CHAR WHERE C1='AB';
C1	C2
AB	123
SELECT * FROM T1_PK_CHAR WHERE C1='ab';
C1	C2
AB	123
SELECT * FROM T1_PK_CHAR WHERE C1='abc';
C1	C2
SELECT * FROM T1_PK_CHAR WHERE C1 in ('abc', 'AB');
C1	C2
AB	123
SELECT * FROM T1_PK_CHAR WHERE C1 in ('ABC', 'CDE', 'cde');
C1	C2
cde	123
SELECT C2,HEX(C1) FROM T1_PK_CHAR where c1=0xF09F92BB6161F09F93BA;
C2	HEX(C1)
999	F09F92BB6161F09F93BA
SELECT C2,HEX(C1) FROM T1_PK_CHAR where c1=0xF09F92BBE4B8ADE59BBDF09F93BA;
C2	HEX(C1)
994	F09F93B1E4B8ADE59BBDF09F93BA
SELECT * FROM T1_PK_CHAR WHERE C1>'ab';
C1	C2
b	123
cde	123
ä¸€	123
ä¸€abä¸‰	123
ä¸€aäºŒbä¸‰c	123
ä¸€äºŒä¸‰	123
ä¸‰	123
ä¸­aå›½ðŸ“º	992
ä¸­å›½	123
ä¸­å›½äºº	123
äºŒ	123
ç¾Žå›½	123
ç¾Žå›½äºº	123
ï¿½aaaðŸ“º	996
ðŸ’»aaðŸ“º	999
ï¿½bcðŸ“º	995
ðŸ“±ä¸­aå›½ðŸ“º	993
ðŸ“±ä¸­å›½ðŸ“º	994
SELECT * FROM T1_PK_CHAR WHERE C1>'AB';
C1	C2
b	123
cde	123
ä¸€	123
ä¸€abä¸‰	123
ä¸€aäºŒbä¸‰c	123
ä¸€äºŒä¸‰	123
ä¸‰	123
ä¸­aå›½ðŸ“º	992
ä¸­å›½	123
ä¸­å›½äºº	123
äºŒ	123
ç¾Žå›½	123
ç¾Žå›½äºº	123
ï¿½aaaðŸ“º	996
ðŸ’»aaðŸ“º	999
ï¿½bcðŸ“º	995
ðŸ“±ä¸­aå›½ðŸ“º	993
ðŸ“±ä¸­å›½ðŸ“º	994
SELECT * FROM T1_PK_CHAR WHERE C1>'a';
C1	C2
AB	123
b	123
cde	123
ä¸€	123
ä¸€abä¸‰	123
ä¸€aäºŒbä¸‰c	123
ä¸€äºŒä¸‰	123
ä¸‰	123
ä¸­aå›½ðŸ“º	992
ä¸­å›½	123
ä¸­å›½äºº	123
äºŒ	123
ç¾Žå›½	123
ç¾Žå›½äºº	123
ï¿½aaaðŸ“º	996
ðŸ’»aaðŸ“º	999
ï¿½bcðŸ“º	995
ðŸ“±ä¸­aå›½ðŸ“º	993
ðŸ“±ä¸­å›½ðŸ“º	994
SELECT * FROM T1_PK_CHAR WHERE C1>='a';
C1	C2
A	123
AB	123
b	123
cde	123
ä¸€	123
ä¸€abä¸‰	123
ä¸€aäºŒbä¸‰c	123
ä¸€äºŒä¸‰	123
ä¸‰	123
ä¸­aå›½ðŸ“º	992
ä¸­å›½	123
ä¸­å›½äºº	123
äºŒ	123
ç¾Žå›½	123
ç¾Žå›½äºº	123
ï¿½aaaðŸ“º	996
ðŸ’»aaðŸ“º	999
ï¿½bcðŸ“º	995
ðŸ“±ä¸­aå›½ðŸ“º	993
ðŸ“±ä¸­å›½ðŸ“º	994
SELECT * FROM T1_PK_CHAR WHERE C1>='ab';
C1	C2
AB	123
b	123
cde	123
ä¸€	123
ä¸€abä¸‰	123
ä¸€aäºŒbä¸‰c	123
ä¸€äºŒä¸‰	123
ä¸‰	123
ä¸­aå›½ðŸ“º	992
ä¸­å›½	123
ä¸­å›½äºº	123
äºŒ	123
ç¾Žå›½	123
ç¾Žå›½äºº	123
ï¿½aaaðŸ“º	996
ðŸ’»aaðŸ“º	999
ï¿½bcðŸ“º	995
ðŸ“±ä¸­aå›½ðŸ“º	993
ðŸ“±ä¸­å›½ðŸ“º	994
SELECT * FROM T1_PK_CHAR WHERE C1>='AB';
C1	C2
AB	123
b	123
cde	123
ä¸€	123
ä¸€abä¸‰	123
ä¸€aäºŒbä¸‰c	123
ä¸€äºŒä¸‰	123
ä¸‰	123
ä¸­aå›½ðŸ“º	992
ä¸­å›½	123
ä¸­å›½äºº	123
äºŒ	123
ç¾Žå›½	123
ç¾Žå›½äºº	123
ï¿½aaaðŸ“º	996
ðŸ’»aaðŸ“º	999
ï¿½bcðŸ“º	995
ðŸ“±ä¸­aå›½ðŸ“º	993
ðŸ“±ä¸­å›½ðŸ“º	994
SELECT * FROM T1_PK_CHAR WHERE C1<'ab';
C1	C2
A	123
SELECT * FROM T1_PK_CHAR WHERE C1<='AB';
C1	C2
A	123
AB	123
SELECT C2,HEX(C1) FROM T1_PK_CHAR where c1>0xF09F92BB6161F09F93BA;
C2	HEX(C1)
995	EFBFBD6263F09F93BA
993	F09F93B1E4B8AD61E59BBDF09F93BA
994	F09F93B1E4B8ADE59BBDF09F93BA
SELECT C2,HEX(C1) FROM T1_PK_CHAR where c1>=0xF09F92BB6161F09F93BA;
C2	HEX(C1)
999	F09F92BB6161F09F93BA
995	EFBFBD6263F09F93BA
993	F09F93B1E4B8AD61E59BBDF09F93BA
994	F09F93B1E4B8ADE59BBDF09F93BA
SELECT C2,HEX(C1) FROM T1_PK_CHAR where c1<0xF09F92BB6161F09F93BA;
C2	HEX(C1)
123	41
123	4142
123	62
123	636465
123	E4B880
123	E4B8806162E4B889
123	E4B88061E4BA8C62E4B88963
123	E4B880E4BA8CE4B889
123	E4B889
992	E4B8AD61E59BBDF09F93BA
123	E4B8ADE59BBD
123	E4B8ADE59BBDE4BABA
123	E4BA8C
123	E7BE8EE59BBD
123	E7BE8EE59BBDE4BABA
996	EFBFBD616161F09F93BA
SELECT C2,HEX(C1) FROM T1_PK_CHAR where c1<=0xF09F92BB6161F09F93BA;
C2	HEX(C1)
123	41
123	4142
123	62
123	636465
123	E4B880
123	E4B8806162E4B889
123	E4B88061E4BA8C62E4B88963
123	E4B880E4BA8CE4B889
123	E4B889
992	E4B8AD61E59BBDF09F93BA
123	E4B8ADE59BBD
123	E4B8ADE59BBDE4BABA
123	E4BA8C
123	E7BE8EE59BBD
123	E7BE8EE59BBDE4BABA
996	EFBFBD616161F09F93BA
999	F09F92BB6161F09F93BA
SELECT C2,HEX(C1) FROM T1_PK_CHAR where c1>0xF09F92BB6161;
C2	HEX(C1)
996	EFBFBD616161F09F93BA
999	F09F92BB6161F09F93BA
995	EFBFBD6263F09F93BA
993	F09F93B1E4B8AD61E59BBDF09F93BA
994	F09F93B1E4B8ADE59BBDF09F93BA
SELECT * FROM T1_PK_CHAR ORDER BY C1 ASC;
C1	C2
A	123
AB	123
b	123
cde	123
ä¸€	123
ä¸€abä¸‰	123
ä¸€aäºŒbä¸‰c	123
ä¸€äºŒä¸‰	123
ä¸‰	123
ä¸­aå›½ðŸ“º	992
ä¸­å›½	123
ä¸­å›½äºº	123
äºŒ	123
ç¾Žå›½	123
ç¾Žå›½äºº	123
ï¿½aaaðŸ“º	996
ðŸ’»aaðŸ“º	999
ï¿½bcðŸ“º	995
ðŸ“±ä¸­aå›½ðŸ“º	993
ðŸ“±ä¸­å›½ðŸ“º	994
SELECT * FROM T1_PK_CHAR ORDER BY C1 DESC;
C1	C2
ðŸ“±ä¸­å›½ðŸ“º	994
ðŸ“±ä¸­aå›½ðŸ“º	993
ï¿½bcðŸ“º	995
ðŸ’»aaðŸ“º	999
ï¿½aaaðŸ“º	996
ç¾Žå›½äºº	123
ç¾Žå›½	123
äºŒ	123
ä¸­å›½äºº	123
ä¸­å›½	123
ä¸­aå›½ðŸ“º	992
ä¸‰	123
ä¸€äºŒä¸‰	123
ä¸€aäºŒbä¸‰c	123
ä¸€abä¸‰	123
ä¸€	123
cde	123
b	123
AB	123
A	123
SELECT * FROM T1_PK_CHAR WHERE C1>'ab' ORDER BY C1 DESC;
C1	C2
ðŸ“±ä¸­å›½ðŸ“º	994
ðŸ“±ä¸­aå›½ðŸ“º	993
ï¿½bcðŸ“º	995
ðŸ’»aaðŸ“º	999
ï¿½aaaðŸ“º	996
ç¾Žå›½äºº	123
ç¾Žå›½	123
äºŒ	123
ä¸­å›½äºº	123
ä¸­å›½	123
ä¸­aå›½ðŸ“º	992
ä¸‰	123
ä¸€äºŒä¸‰	123
ä¸€aäºŒbä¸‰c	123
ä¸€abä¸‰	123
ä¸€	123
cde	123
b	123
SELECT * FROM T1_PK_CHAR WHERE C1>'ab' ORDER BY C1 ASC;
C1	C2
b	123
cde	123
ä¸€	123
ä¸€abä¸‰	123
ä¸€aäºŒbä¸‰c	123
ä¸€äºŒä¸‰	123
ä¸‰	123
ä¸­aå›½ðŸ“º	992
ä¸­å›½	123
ä¸­å›½äºº	123
äºŒ	123
ç¾Žå›½	123
ç¾Žå›½äºº	123
ï¿½aaaðŸ“º	996
ðŸ’»aaðŸ“º	999
ï¿½bcðŸ“º	995
ðŸ“±ä¸­aå›½ðŸ“º	993
ðŸ“±ä¸­å›½ðŸ“º	994
SELECT C2,HEX(C1) FROM T1_PK_CHAR where c1>=0xF09F92BB6161F09F93BA ORDER BY C1 DESC;
C2	HEX(C1)
994	F09F93B1E4B8ADE59BBDF09F93BA
993	F09F93B1E4B8AD61E59BBDF09F93BA
995	EFBFBD6263F09F93BA
999	F09F92BB6161F09F93BA
SELECT C2,HEX(C1) FROM T1_PK_CHAR where c1>=0xF09F92BB6161F09F93BA ORDER BY C1 ASC;
C2	HEX(C1)
999	F09F92BB6161F09F93BA
995	EFBFBD6263F09F93BA
993	F09F93B1E4B8AD61E59BBDF09F93BA
994	F09F93B1E4B8ADE59BBDF09F93BA
SELECT * FROM T1_PK_CHAR WHERE C1 LIKE 'a%';
C1	C2
A	123
AB	123
SELECT * FROM T1_PK_CHAR WHERE C1 LIKE 'ab%';
C1	C2
AB	123
SELECT * FROM T1_PK_CHAR WHERE C1 LIKE 'AB%';
C1	C2
AB	123
SELECT * FROM T1_PK_CHAR WHERE C1 LIKE '%c%';
C1	C2
cde	123
ä¸€aäºŒbä¸‰c	123
ï¿½bcðŸ“º	995
SELECT * FROM T1_PK_CHAR WHERE C1 LIKE '%CD%';
C1	C2
cde	123
SELECT * FROM T1_PK_CHAR WHERE C1>='ä¸€';
C1	C2
ä¸€	123
ä¸€abä¸‰	123
ä¸€aäºŒbä¸‰c	123
ä¸€äºŒä¸‰	123
ä¸‰	123
ä¸­aå›½ðŸ“º	992
ä¸­å›½	123
ä¸­å›½äºº	123
äºŒ	123
ç¾Žå›½	123
ç¾Žå›½äºº	123
ï¿½aaaðŸ“º	996
ðŸ’»aaðŸ“º	999
ï¿½bcðŸ“º	995
ðŸ“±ä¸­aå›½ðŸ“º	993
ðŸ“±ä¸­å›½ðŸ“º	994
SELECT * FROM T1_PK_CHAR WHERE C1='ä¸€';
C1	C2
ä¸€	123
SELECT * FROM T1_PK_CHAR WHERE C1<'ä¸€';
C1	C2
A	123
AB	123
b	123
cde	123
SELECT * FROM T1_PK_CHAR WHERE C1>'ä¸€';
C1	C2
ä¸€abä¸‰	123
ä¸€aäºŒbä¸‰c	123
ä¸€äºŒä¸‰	123
ä¸‰	123
ä¸­aå›½ðŸ“º	992
ä¸­å›½	123
ä¸­å›½äºº	123
äºŒ	123
ç¾Žå›½	123
ç¾Žå›½äºº	123
ï¿½aaaðŸ“º	996
ðŸ’»aaðŸ“º	999
ï¿½bcðŸ“º	995
ðŸ“±ä¸­aå›½ðŸ“º	993
ðŸ“±ä¸­å›½ðŸ“º	994
SELECT * FROM T1_PK_CHAR WHERE C1='ä¸­å›½';
C1	C2
ä¸­å›½	123
SELECT * FROM T1_PK_CHAR WHERE C1='ä¸­1';
C1	C2
SELECT * FROM T1_PK_CHAR WHERE C1<='ä¸­1å›½';
C1	C2
A	123
AB	123
b	123
cde	123
ä¸€	123
ä¸€abä¸‰	123
ä¸€aäºŒbä¸‰c	123
ä¸€äºŒä¸‰	123
ä¸‰	123
SELECT * FROM T1_PK_CHAR WHERE C1>='ç¾Žå›½';
C1	C2
ç¾Žå›½	123
ç¾Žå›½äºº	123
ï¿½aaaðŸ“º	996
ðŸ’»aaðŸ“º	999
ï¿½bcðŸ“º	995
ðŸ“±ä¸­aå›½ðŸ“º	993
ðŸ“±ä¸­å›½ðŸ“º	994
SELECT C2,HEX(C1) FROM T1_PK_CHAR where c1 LIKE '%ä¸­å›½%';
C2	HEX(C1)
123	E4B8ADE59BBD
123	E4B8ADE59BBDE4BABA
994	F09F93B1E4B8ADE59BBDF09F93BA
SELECT C2,HEX(C1) FROM T1_PK_CHAR where c1 LIKE '%ä¸­aå›½%';
C2	HEX(C1)
992	E4B8AD61E59BBDF09F93BA
993	F09F93B1E4B8AD61E59BBDF09F93BA
SELECT C2,HEX(C1) FROM T1_PK_CHAR where c1 LIKE 'ä¸­å›½%';
C2	HEX(C1)
123	E4B8ADE59BBD
123	E4B8ADE59BBDE4BABA
UPDATE T1_PK_CHAR SET C2='KFC' WHERE C1>='ä¸­å›½';
SELECT * FROM T1_PK_CHAR;
C1	C2
A	123
AB	123
b	123
cde	123
ä¸€	123
ä¸€abä¸‰	123
ä¸€aäºŒbä¸‰c	123
ä¸€äºŒä¸‰	123
ä¸‰	123
ä¸­aå›½ðŸ“º	992
ä¸­å›½	KFC
ä¸­å›½äºº	KFC
äºŒ	KFC
ç¾Žå›½	KFC
ç¾Žå›½äºº	KFC
ï¿½aaaðŸ“º	KFC
ðŸ’»aaðŸ“º	KFC
ï¿½bcðŸ“º	KFC
ðŸ“±ä¸­aå›½ðŸ“º	KFC
ðŸ“±ä¸­å›½ðŸ“º	KFC
UPDATE T1_PK_CHAR SET C2='KFC' WHERE C1>='AB';
SELECT * FROM T1_PK_CHAR;
C1	C2
A	123
AB	KFC
b	KFC
cde	KFC
ä¸€	KFC
ä¸€abä¸‰	KFC
ä¸€aäºŒbä¸‰c	KFC
ä¸€äºŒä¸‰	KFC
ä¸‰	KFC
ä¸­aå›½ðŸ“º	KFC
ä¸­å›½	KFC
ä¸­å›½äºº	KFC
äºŒ	KFC
ç¾Žå›½	KFC
ç¾Žå›½äºº	KFC
ï¿½aaaðŸ“º	KFC
ðŸ’»aaðŸ“º	KFC
ï¿½bcðŸ“º	KFC
ðŸ“±ä¸­aå›½ðŸ“º	KFC
ðŸ“±ä¸­å›½ðŸ“º	KFC
DELETE FROM T1_PK_CHAR WHERE C1>='ä¸­å›½';
SELECT * FROM T1_PK_CHAR;
C1	C2
A	123
AB	KFC
b	KFC
cde	KFC
ä¸€	KFC
ä¸€abä¸‰	KFC
ä¸€aäºŒbä¸‰c	KFC
ä¸€äºŒä¸‰	KFC
ä¸‰	KFC
ä¸­aå›½ðŸ“º	KFC
DELETE FROM T1_PK_CHAR WHERE C1>='ab';
SELECT * FROM T1_PK_CHAR;
C1	C2
A	123
CREATE TABLE T1_SEC(ID INT AUTO_INCREMENT, C1 VARCHAR(100), C2 VARCHAR(100), PRIMARY KEY(ID), KEY IDX_C1(C1)) CHARACTER SET UTF8MB4,COLLATE UTF8MB4_GENERAL_CI;
INSERT INTO T1_SEC(C1,C2) VALUES('A', '123');
INSERT INTO T1_SEC(C1,C2) VALUES('AB', '123');
INSERT INTO T1_SEC(C1,C2) VALUES('a', '123');
INSERT INTO T1_SEC(C1,C2) VALUES('ab', '123');
INSERT INTO T1_SEC(C1,C2) VALUES('B', '123');
INSERT INTO T1_SEC(C1,C2) VALUES('b', '123');
INSERT INTO T1_SEC(C1,C2) VALUES('cde', '123');
INSERT INTO T1_SEC(C1,C2) VALUES('CDE', '123');
INSERT INTO T1_SEC(C1,C2) VALUES('CDE', '123');
INSERT INTO T1_SEC(C1,C2) VALUES('ä¸­å›½', '123');
INSERT INTO T1_SEC(C1,C2) VALUES('ä¸­å›½äºº', '123');
INSERT INTO T1_SEC(C1,C2) VALUES('ç¾Žå›½', '123');
INSERT INTO T1_SEC(C1,C2) VALUES('ç¾Žå›½äºº', '123');
INSERT INTO T1_SEC(C1,C2) VALUES('ä¸€', '123');
INSERT INTO T1_SEC(C1,C2) VALUES('äºŒ', '123');
INSERT INTO T1_SEC(C1,C2) VALUES('ä¸‰', '123');
INSERT INTO T1_SEC(C1,C2) VALUES('ä¸€äºŒä¸‰','123');
INSERT INTO T1_SEC(C1,C2) VALUES('ä¸€abä¸‰','123');
INSERT INTO T1_SEC(C1,C2) VALUES('ä¸€aäºŒbä¸‰c','123');
INSERT INTO T1_SEC(C1,C2) VALUES(0xF09F92BB6161F09F93BA,'999');
INSERT INTO T1_SEC(C1,C2) VALUES(0xF09F93BA6161F09F92BB,'998');
INSERT INTO T1_SEC(C1,C2) VALUES(0xF09F93B16161F09F92BB,'997');
INSERT INTO T1_SEC(C1,C2) VALUES(0xEFBFBD616161F09F93BA,'996');
INSERT INTO T1_SEC(C1,C2) VALUES(0xEFBFBD6161F09F93BA,'1000');
INSERT INTO T1_SEC(C1,C2) VALUES(0xEFBFBD6263F09F93BA,'995');
INSERT INTO T1_SEC(C1,C2) VALUES(0xF09F93B1E4B8ADE59BBDF09F93BA,'994');
INSERT INTO T1_SEC(C1,C2) VALUES(0xF09F93B1E4B8AD61E59BBDF09F93BA,'993');
INSERT INTO T1_SEC(C1,C2) VALUES(0xE4B8AD61E59BBDF09F93BA,'992');
SELECT * FROM T1_SEC WHERE C1='A';
ID	C1	C2
1	A	123
3	a	123
SELECT * FROM T1_SEC WHERE C1='a';
ID	C1	C2
1	A	123
3	a	123
SELECT * FROM T1_SEC WHERE C1='AB';
ID	C1	C2
2	AB	123
4	ab	123
SELECT * FROM T1_SEC WHERE C1='ab';
ID	C1	C2
2	AB	123
4	ab	123
SELECT * FROM T1_SEC WHERE C1='abc';
ID	C1	C2
SELECT * FROM T1_SEC WHERE C1 in ('abc', 'AB');
ID	C1	C2
2	AB	123
4	ab	123
SELECT * FROM T1_SEC WHERE C1 in ('ABC', 'CDE', 'cde');
ID	C1	C2
7	cde	123
8	CDE	123
9	CDE	123
SELECT C2,HEX(C1) FROM T1_SEC where c1=0xF09F92BB6161F09F93BA;
C2	HEX(C1)
999	F09F92BB6161F09F93BA
998	F09F93BA6161F09F92BB
997	F09F93B16161F09F92BB
1000	EFBFBD6161F09F93BA
SELECT C2,HEX(C1) FROM T1_SEC where c1=0xF09F92BBE4B8ADE59BBDF09F93BA;
C2	HEX(C1)
994	F09F93B1E4B8ADE59BBDF09F93BA
SELECT * FROM T1_SEC WHERE C1>'ab' ORDER BY C1,ID;
ID	C1	C2
5	B	123
6	b	123
7	cde	123
8	CDE	123
9	CDE	123
14	ä¸€	123
18	ä¸€abä¸‰	123
19	ä¸€aäºŒbä¸‰c	123
17	ä¸€äºŒä¸‰	123
16	ä¸‰	123
28	ä¸­aå›½ðŸ“º	992
10	ä¸­å›½	123
11	ä¸­å›½äºº	123
15	äºŒ	123
12	ç¾Žå›½	123
13	ç¾Žå›½äºº	123
23	ï¿½aaaðŸ“º	996
20	ðŸ’»aaðŸ“º	999
21	ðŸ“ºaaðŸ’»	998
22	ðŸ“±aaðŸ’»	997
24	ï¿½aaðŸ“º	1000
25	ï¿½bcðŸ“º	995
27	ðŸ“±ä¸­aå›½ðŸ“º	993
26	ðŸ“±ä¸­å›½ðŸ“º	994
SELECT * FROM T1_SEC WHERE C1>'AB' ORDER BY C1,ID;
ID	C1	C2
5	B	123
6	b	123
7	cde	123
8	CDE	123
9	CDE	123
14	ä¸€	123
18	ä¸€abä¸‰	123
19	ä¸€aäºŒbä¸‰c	123
17	ä¸€äºŒä¸‰	123
16	ä¸‰	123
28	ä¸­aå›½ðŸ“º	992
10	ä¸­å›½	123
11	ä¸­å›½äºº	123
15	äºŒ	123
12	ç¾Žå›½	123
13	ç¾Žå›½äºº	123
23	ï¿½aaaðŸ“º	996
20	ðŸ’»aaðŸ“º	999
21	ðŸ“ºaaðŸ’»	998
22	ðŸ“±aaðŸ’»	997
24	ï¿½aaðŸ“º	1000
25	ï¿½bcðŸ“º	995
27	ðŸ“±ä¸­aå›½ðŸ“º	993
26	ðŸ“±ä¸­å›½ðŸ“º	994
SELECT * FROM T1_SEC WHERE C1>'a' ORDER BY C1,ID;
ID	C1	C2
2	AB	123
4	ab	123
5	B	123
6	b	123
7	cde	123
8	CDE	123
9	CDE	123
14	ä¸€	123
18	ä¸€abä¸‰	123
19	ä¸€aäºŒbä¸‰c	123
17	ä¸€äºŒä¸‰	123
16	ä¸‰	123
28	ä¸­aå›½ðŸ“º	992
10	ä¸­å›½	123
11	ä¸­å›½äºº	123
15	äºŒ	123
12	ç¾Žå›½	123
13	ç¾Žå›½äºº	123
23	ï¿½aaaðŸ“º	996
20	ðŸ’»aaðŸ“º	999
21	ðŸ“ºaaðŸ’»	998
22	ðŸ“±aaðŸ’»	997
24	ï¿½aaðŸ“º	1000
25	ï¿½bcðŸ“º	995
27	ðŸ“±ä¸­aå›½ðŸ“º	993
26	ðŸ“±ä¸­å›½ðŸ“º	994
SELECT * FROM T1_SEC WHERE C1>='a' ORDER BY C1,ID;
ID	C1	C2
1	A	123
3	a	123
2	AB	123
4	ab	123
5	B	123
6	b	123
7	cde	123
8	CDE	123
9	CDE	123
14	ä¸€	123
18	ä¸€abä¸‰	123
19	ä¸€aäºŒbä¸‰c	123
17	ä¸€äºŒä¸‰	123
16	ä¸‰	123
28	ä¸­aå›½ðŸ“º	992
10	ä¸­å›½	123
11	ä¸­å›½äºº	123
15	äºŒ	123
12	ç¾Žå›½	123
13	ç¾Žå›½äºº	123
23	ï¿½aaaðŸ“º	996
20	ðŸ’»aaðŸ“º	999
21	ðŸ“ºaaðŸ’»	998
22	ðŸ“±aaðŸ’»	997
24	ï¿½aaðŸ“º	1000
25	ï¿½bcðŸ“º	995
27	ðŸ“±ä¸­aå›½ðŸ“º	993
26	ðŸ“±ä¸­å›½ðŸ“º	994
SELECT * FROM T1_SEC WHERE C1>='ab' ORDER BY C1,ID;
ID	C1	C2
2	AB	123
4	ab	123
5	B	123
6	b	123
7	cde	123
8	CDE	123
9	CDE	123
14	ä¸€	123
18	ä¸€abä¸‰	123
19	ä¸€aäºŒbä¸‰c	123
17	ä¸€äºŒä¸‰	123
16	ä¸‰	123
28	ä¸­aå›½ðŸ“º	992
10	ä¸­å›½	123
11	ä¸­å›½äºº	123
15	äºŒ	123
12	ç¾Žå›½	123
13	ç¾Žå›½äºº	123
23	ï¿½aaaðŸ“º	996
20	ðŸ’»aaðŸ“º	999
21	ðŸ“ºaaðŸ’»	998
22	ðŸ“±aaðŸ’»	997
24	ï¿½aaðŸ“º	1000
25	ï¿½bcðŸ“º	995
27	ðŸ“±ä¸­aå›½ðŸ“º	993
26	ðŸ“±ä¸­å›½ðŸ“º	994
SELECT * FROM T1_SEC WHERE C1>='AB' ORDER BY C1,ID;
ID	C1	C2
2	AB	123
4	ab	123
5	B	123
6	b	123
7	cde	123
8	CDE	123
9	CDE	123
14	ä¸€	123
18	ä¸€abä¸‰	123
19	ä¸€aäºŒbä¸‰c	123
17	ä¸€äºŒä¸‰	123
16	ä¸‰	123
28	ä¸­aå›½ðŸ“º	992
10	ä¸­å›½	123
11	ä¸­å›½äºº	123
15	äºŒ	123
12	ç¾Žå›½	123
13	ç¾Žå›½äºº	123
23	ï¿½aaaðŸ“º	996
20	ðŸ’»aaðŸ“º	999
21	ðŸ“ºaaðŸ’»	998
22	ðŸ“±aaðŸ’»	997
24	ï¿½aaðŸ“º	1000
25	ï¿½bcðŸ“º	995
27	ðŸ“±ä¸­aå›½ðŸ“º	993
26	ðŸ“±ä¸­å›½ðŸ“º	994
SELECT * FROM T1_SEC WHERE C1<'ab' ORDER BY C1,ID;
ID	C1	C2
1	A	123
3	a	123
SELECT * FROM T1_SEC WHERE C1<='AB' ORDER BY C1,ID;
ID	C1	C2
1	A	123
3	a	123
2	AB	123
4	ab	123
SELECT C2,HEX(C1) FROM T1_SEC where c1>0xF09F92BB6161F09F93BA ORDER BY C1,ID;
C2	HEX(C1)
995	EFBFBD6263F09F93BA
993	F09F93B1E4B8AD61E59BBDF09F93BA
994	F09F93B1E4B8ADE59BBDF09F93BA
SELECT C2,HEX(C1) FROM T1_SEC where c1>=0xF09F92BB6161F09F93BA ORDER BY C1,ID;
C2	HEX(C1)
999	F09F92BB6161F09F93BA
998	F09F93BA6161F09F92BB
997	F09F93B16161F09F92BB
1000	EFBFBD6161F09F93BA
995	EFBFBD6263F09F93BA
993	F09F93B1E4B8AD61E59BBDF09F93BA
994	F09F93B1E4B8ADE59BBDF09F93BA
SELECT C2,HEX(C1) FROM T1_SEC where c1<0xF09F92BB6161F09F93BA ORDER BY C1,ID;
C2	HEX(C1)
123	41
123	61
123	4142
123	6162
123	42
123	62
123	636465
123	434445
123	434445
123	E4B880
123	E4B8806162E4B889
123	E4B88061E4BA8C62E4B88963
123	E4B880E4BA8CE4B889
123	E4B889
992	E4B8AD61E59BBDF09F93BA
123	E4B8ADE59BBD
123	E4B8ADE59BBDE4BABA
123	E4BA8C
123	E7BE8EE59BBD
123	E7BE8EE59BBDE4BABA
996	EFBFBD616161F09F93BA
SELECT C2,HEX(C1) FROM T1_SEC where c1<=0xF09F92BB6161F09F93BA ORDER BY C1,ID;
C2	HEX(C1)
123	41
123	61
123	4142
123	6162
123	42
123	62
123	636465
123	434445
123	434445
123	E4B880
123	E4B8806162E4B889
123	E4B88061E4BA8C62E4B88963
123	E4B880E4BA8CE4B889
123	E4B889
992	E4B8AD61E59BBDF09F93BA
123	E4B8ADE59BBD
123	E4B8ADE59BBDE4BABA
123	E4BA8C
123	E7BE8EE59BBD
123	E7BE8EE59BBDE4BABA
996	EFBFBD616161F09F93BA
999	F09F92BB6161F09F93BA
998	F09F93BA6161F09F92BB
997	F09F93B16161F09F92BB
1000	EFBFBD6161F09F93BA
SELECT C2,HEX(C1) FROM T1_SEC where c1>0xF09F92BB6161 ORDER BY C1,ID;
C2	HEX(C1)
996	EFBFBD616161F09F93BA
999	F09F92BB6161F09F93BA
998	F09F93BA6161F09F92BB
997	F09F93B16161F09F92BB
1000	EFBFBD6161F09F93BA
995	EFBFBD6263F09F93BA
993	F09F93B1E4B8AD61E59BBDF09F93BA
994	F09F93B1E4B8ADE59BBDF09F93BA
SELECT * FROM T1_SEC ORDER BY C1 ASC, ID ASC;
ID	C1	C2
1	A	123
3	a	123
2	AB	123
4	ab	123
5	B	123
6	b	123
7	cde	123
8	CDE	123
9	CDE	123
14	ä¸€	123
18	ä¸€abä¸‰	123
19	ä¸€aäºŒbä¸‰c	123
17	ä¸€äºŒä¸‰	123
16	ä¸‰	123
28	ä¸­aå›½ðŸ“º	992
10	ä¸­å›½	123
11	ä¸­å›½äºº	123
15	äºŒ	123
12	ç¾Žå›½	123
13	ç¾Žå›½äºº	123
23	ï¿½aaaðŸ“º	996
20	ðŸ’»aaðŸ“º	999
21	ðŸ“ºaaðŸ’»	998
22	ðŸ“±aaðŸ’»	997
24	ï¿½aaðŸ“º	1000
25	ï¿½bcðŸ“º	995
27	ðŸ“±ä¸­aå›½ðŸ“º	993
26	ðŸ“±ä¸­å›½ðŸ“º	994
SELECT * FROM T1_SEC ORDER BY C1 DESC, ID ASC;
ID	C1	C2
26	ðŸ“±ä¸­å›½ðŸ“º	994
27	ðŸ“±ä¸­aå›½ðŸ“º	993
25	ï¿½bcðŸ“º	995
20	ðŸ’»aaðŸ“º	999
21	ðŸ“ºaaðŸ’»	998
22	ðŸ“±aaðŸ’»	997
24	ï¿½aaðŸ“º	1000
23	ï¿½aaaðŸ“º	996
13	ç¾Žå›½äºº	123
12	ç¾Žå›½	123
15	äºŒ	123
11	ä¸­å›½äºº	123
10	ä¸­å›½	123
28	ä¸­aå›½ðŸ“º	992
16	ä¸‰	123
17	ä¸€äºŒä¸‰	123
19	ä¸€aäºŒbä¸‰c	123
18	ä¸€abä¸‰	123
14	ä¸€	123
7	cde	123
8	CDE	123
9	CDE	123
5	B	123
6	b	123
2	AB	123
4	ab	123
1	A	123
3	a	123
SELECT * FROM T1_SEC WHERE C1>'ab' ORDER BY C1 DESC, ID ASC;
ID	C1	C2
26	ðŸ“±ä¸­å›½ðŸ“º	994
27	ðŸ“±ä¸­aå›½ðŸ“º	993
25	ï¿½bcðŸ“º	995
20	ðŸ’»aaðŸ“º	999
21	ðŸ“ºaaðŸ’»	998
22	ðŸ“±aaðŸ’»	997
24	ï¿½aaðŸ“º	1000
23	ï¿½aaaðŸ“º	996
13	ç¾Žå›½äºº	123
12	ç¾Žå›½	123
15	äºŒ	123
11	ä¸­å›½äºº	123
10	ä¸­å›½	123
28	ä¸­aå›½ðŸ“º	992
16	ä¸‰	123
17	ä¸€äºŒä¸‰	123
19	ä¸€aäºŒbä¸‰c	123
18	ä¸€abä¸‰	123
14	ä¸€	123
7	cde	123
8	CDE	123
9	CDE	123
5	B	123
6	b	123
SELECT * FROM T1_SEC WHERE C1>'ab' ORDER BY C1 ASC, ID ASC;
ID	C1	C2
5	B	123
6	b	123
7	cde	123
8	CDE	123
9	CDE	123
14	ä¸€	123
18	ä¸€abä¸‰	123
19	ä¸€aäºŒbä¸‰c	123
17	ä¸€äºŒä¸‰	123
16	ä¸‰	123
28	ä¸­aå›½ðŸ“º	992
10	ä¸­å›½	123
11	ä¸­å›½äºº	123
15	äºŒ	123
12	ç¾Žå›½	123
13	ç¾Žå›½äºº	123
23	ï¿½aaaðŸ“º	996
20	ðŸ’»aaðŸ“º	999
21	ðŸ“ºaaðŸ’»	998
22	ðŸ“±aaðŸ’»	997
24	ï¿½aaðŸ“º	1000
25	ï¿½bcðŸ“º	995
27	ðŸ“±ä¸­aå›½ðŸ“º	993
26	ðŸ“±ä¸­å›½ðŸ“º	994
SELECT C2,HEX(C1) FROM T1_SEC where c1>=0xF09F92BB6161F09F93BA ORDER BY C1 DESC, ID ASC;
C2	HEX(C1)
994	F09F93B1E4B8ADE59BBDF09F93BA
993	F09F93B1E4B8AD61E59BBDF09F93BA
995	EFBFBD6263F09F93BA
999	F09F92BB6161F09F93BA
998	F09F93BA6161F09F92BB
997	F09F93B16161F09F92BB
1000	EFBFBD6161F09F93BA
SELECT C2,HEX(C1) FROM T1_SEC where c1>=0xF09F92BB6161F09F93BA ORDER BY C1 ASC, ID ASC;
C2	HEX(C1)
999	F09F92BB6161F09F93BA
998	F09F93BA6161F09F92BB
997	F09F93B16161F09F92BB
1000	EFBFBD6161F09F93BA
995	EFBFBD6263F09F93BA
993	F09F93B1E4B8AD61E59BBDF09F93BA
994	F09F93B1E4B8ADE59BBDF09F93BA
SELECT * FROM T1_SEC WHERE C1>'ä¸€' ORDER BY C1,ID;
ID	C1	C2
18	ä¸€abä¸‰	123
19	ä¸€aäºŒbä¸‰c	123
17	ä¸€äºŒä¸‰	123
16	ä¸‰	123
28	ä¸­aå›½ðŸ“º	992
10	ä¸­å›½	123
11	ä¸­å›½äºº	123
15	äºŒ	123
12	ç¾Žå›½	123
13	ç¾Žå›½äºº	123
23	ï¿½aaaðŸ“º	996
20	ðŸ’»aaðŸ“º	999
21	ðŸ“ºaaðŸ’»	998
22	ðŸ“±aaðŸ’»	997
24	ï¿½aaðŸ“º	1000
25	ï¿½bcðŸ“º	995
27	ðŸ“±ä¸­aå›½ðŸ“º	993
26	ðŸ“±ä¸­å›½ðŸ“º	994
SELECT * FROM T1_SEC WHERE C1='ä¸€' ORDER BY C1,ID;
ID	C1	C2
14	ä¸€	123
SELECT * FROM T1_SEC WHERE C1<'ä¸€' ORDER BY C1,ID;
ID	C1	C2
1	A	123
3	a	123
2	AB	123
4	ab	123
5	B	123
6	b	123
7	cde	123
8	CDE	123
9	CDE	123
SELECT * FROM T1_SEC WHERE C1>'ä¸€' ORDER BY C1,ID;
ID	C1	C2
18	ä¸€abä¸‰	123
19	ä¸€aäºŒbä¸‰c	123
17	ä¸€äºŒä¸‰	123
16	ä¸‰	123
28	ä¸­aå›½ðŸ“º	992
10	ä¸­å›½	123
11	ä¸­å›½äºº	123
15	äºŒ	123
12	ç¾Žå›½	123
13	ç¾Žå›½äºº	123
23	ï¿½aaaðŸ“º	996
20	ðŸ’»aaðŸ“º	999
21	ðŸ“ºaaðŸ’»	998
22	ðŸ“±aaðŸ’»	997
24	ï¿½aaðŸ“º	1000
25	ï¿½bcðŸ“º	995
27	ðŸ“±ä¸­aå›½ðŸ“º	993
26	ðŸ“±ä¸­å›½ðŸ“º	994
SELECT * FROM T1_SEC WHERE C1='ä¸­å›½' ORDER BY C1,ID;
ID	C1	C2
10	ä¸­å›½	123
SELECT * FROM T1_SEC WHERE C1='ä¸­1' ORDER BY C1,ID;
ID	C1	C2
SELECT * FROM T1_SEC WHERE C1<='ä¸­1å›½' ORDER BY C1,ID;
ID	C1	C2
1	A	123
3	a	123
2	AB	123
4	ab	123
5	B	123
6	b	123
7	cde	123
8	CDE	123
9	CDE	123
14	ä¸€	123
18	ä¸€abä¸‰	123
19	ä¸€aäºŒbä¸‰c	123
17	ä¸€äºŒä¸‰	123
16	ä¸‰	123
SELECT * FROM T1_SEC WHERE C1>='ç¾Žå›½' ORDER BY C1,ID;
ID	C1	C2
12	ç¾Žå›½	123
13	ç¾Žå›½äºº	123
23	ï¿½aaaðŸ“º	996
20	ðŸ’»aaðŸ“º	999
21	ðŸ“ºaaðŸ’»	998
22	ðŸ“±aaðŸ’»	997
24	ï¿½aaðŸ“º	1000
25	ï¿½bcðŸ“º	995
27	ðŸ“±ä¸­aå›½ðŸ“º	993
26	ðŸ“±ä¸­å›½ðŸ“º	994
SELECT * FROM T1_SEC WHERE C1 in ('ä¸€', 'äºŒ', 'ç¾Žå›½', 'AB') ORDER BY C1,ID;
ID	C1	C2
2	AB	123
4	ab	123
14	ä¸€	123
15	äºŒ	123
12	ç¾Žå›½	123
SELECT * FROM T1_SEC WHERE C1 LIKE 'ä¸€%' ORDER BY C1,ID;
ID	C1	C2
14	ä¸€	123
18	ä¸€abä¸‰	123
19	ä¸€aäºŒbä¸‰c	123
17	ä¸€äºŒä¸‰	123
SELECT * FROM T1_SEC WHERE C1 LIKE '%ä¸€%' ORDER BY C1,ID;
ID	C1	C2
14	ä¸€	123
18	ä¸€abä¸‰	123
19	ä¸€aäºŒbä¸‰c	123
17	ä¸€äºŒä¸‰	123
SELECT * FROM T1_SEC WHERE C1 LIKE '%ä¸€' ORDER BY C1,ID;
ID	C1	C2
14	ä¸€	123
SELECT C2,HEX(C1) FROM T1_SEC where c1 LIKE '%ä¸­å›½%' ORDER BY C1,ID;
C2	HEX(C1)
123	E4B8ADE59BBD
123	E4B8ADE59BBDE4BABA
994	F09F93B1E4B8ADE59BBDF09F93BA
SELECT C2,HEX(C1) FROM T1_SEC where c1 LIKE '%ä¸­aå›½%' ORDER BY C1,ID;
C2	HEX(C1)
992	E4B8AD61E59BBDF09F93BA
993	F09F93B1E4B8AD61E59BBDF09F93BA
SELECT C2,HEX(C1) FROM T1_SEC where c1 LIKE 'ä¸­å›½%' ORDER BY C1,ID;
C2	HEX(C1)
123	E4B8ADE59BBD
123	E4B8ADE59BBDE4BABA
UPDATE T1_SEC SET C2='KFC' WHERE C1>='ä¸­å›½';
SELECT * FROM T1_SEC;
ID	C1	C2
1	A	123
2	AB	123
3	a	123
4	ab	123
5	B	123
6	b	123
7	cde	123
8	CDE	123
9	CDE	123
10	ä¸­å›½	KFC
11	ä¸­å›½äºº	KFC
12	ç¾Žå›½	KFC
13	ç¾Žå›½äºº	KFC
14	ä¸€	123
15	äºŒ	KFC
16	ä¸‰	123
17	ä¸€äºŒä¸‰	123
18	ä¸€abä¸‰	123
19	ä¸€aäºŒbä¸‰c	123
20	ðŸ’»aaðŸ“º	KFC
21	ðŸ“ºaaðŸ’»	KFC
22	ðŸ“±aaðŸ’»	KFC
23	ï¿½aaaðŸ“º	KFC
24	ï¿½aaðŸ“º	KFC
25	ï¿½bcðŸ“º	KFC
26	ðŸ“±ä¸­å›½ðŸ“º	KFC
27	ðŸ“±ä¸­aå›½ðŸ“º	KFC
28	ä¸­aå›½ðŸ“º	992
UPDATE T1_SEC SET C2='KFC' WHERE C1>='AB';
SELECT * FROM T1_SEC;
ID	C1	C2
1	A	123
2	AB	KFC
3	a	123
4	ab	KFC
5	B	KFC
6	b	KFC
7	cde	KFC
8	CDE	KFC
9	CDE	KFC
10	ä¸­å›½	KFC
11	ä¸­å›½äºº	KFC
12	ç¾Žå›½	KFC
13	ç¾Žå›½äºº	KFC
14	ä¸€	KFC
15	äºŒ	KFC
16	ä¸‰	KFC
17	ä¸€äºŒä¸‰	KFC
18	ä¸€abä¸‰	KFC
19	ä¸€aäºŒbä¸‰c	KFC
20	ðŸ’»aaðŸ“º	KFC
21	ðŸ“ºaaðŸ’»	KFC
22	ðŸ“±aaðŸ’»	KFC
23	ï¿½aaaðŸ“º	KFC
24	ï¿½aaðŸ“º	KFC
25	ï¿½bcðŸ“º	KFC
26	ðŸ“±ä¸­å›½ðŸ“º	KFC
27	ðŸ“±ä¸­aå›½ðŸ“º	KFC
28	ä¸­aå›½ðŸ“º	KFC
DELETE FROM T1_SEC WHERE C1>='ä¸­å›½';
SELECT * FROM T1_SEC;
ID	C1	C2
1	A	123
2	AB	KFC
3	a	123
4	ab	KFC
5	B	KFC
6	b	KFC
7	cde	KFC
8	CDE	KFC
9	CDE	KFC
14	ä¸€	KFC
16	ä¸‰	KFC
17	ä¸€äºŒä¸‰	KFC
18	ä¸€abä¸‰	KFC
19	ä¸€aäºŒbä¸‰c	KFC
28	ä¸­aå›½ðŸ“º	KFC
DELETE FROM T1_SEC WHERE C1>='ab';
SELECT * FROM T1_SEC;
ID	C1	C2
1	A	123
3	a	123
CREATE TABLE T1_SEC_CHAR(ID INT AUTO_INCREMENT, C1 CHAR(100), C2 CHAR(100), PRIMARY KEY(ID), KEY IDX_C1(C1)) CHARACTER SET UTF8MB4,COLLATE UTF8MB4_GENERAL_CI;
INSERT INTO T1_SEC_CHAR(C1,C2) VALUES('A', '123');
INSERT INTO T1_SEC_CHAR(C1,C2) VALUES('AB', '123');
INSERT INTO T1_SEC_CHAR(C1,C2) VALUES('a', '123');
INSERT INTO T1_SEC_CHAR(C1,C2) VALUES('ab', '123');
INSERT INTO T1_SEC_CHAR(C1,C2) VALUES('B', '123');
INSERT INTO T1_SEC_CHAR(C1,C2) VALUES('b', '123');
INSERT INTO T1_SEC_CHAR(C1,C2) VALUES('cde', '123');
INSERT INTO T1_SEC_CHAR(C1,C2) VALUES('CDE', '123');
INSERT INTO T1_SEC_CHAR(C1,C2) VALUES('CDE', '123');
INSERT INTO T1_SEC_CHAR(C1,C2) VALUES('ä¸­å›½', '123');
INSERT INTO T1_SEC_CHAR(C1,C2) VALUES('ä¸­å›½äºº', '123');
INSERT INTO T1_SEC_CHAR(C1,C2) VALUES('ç¾Žå›½', '123');
INSERT INTO T1_SEC_CHAR(C1,C2) VALUES('ç¾Žå›½äºº', '123');
INSERT INTO T1_SEC_CHAR(C1,C2) VALUES('ä¸€', '123');
INSERT INTO T1_SEC_CHAR(C1,C2) VALUES('äºŒ', '123');
INSERT INTO T1_SEC_CHAR(C1,C2) VALUES('ä¸‰', '123');
INSERT INTO T1_SEC_CHAR(C1,C2) VALUES('ä¸€äºŒä¸‰','123');
INSERT INTO T1_SEC_CHAR(C1,C2) VALUES('ä¸€abä¸‰','123');
INSERT INTO T1_SEC_CHAR(C1,C2) VALUES('ä¸€aäºŒbä¸‰c','123');
INSERT INTO T1_SEC_CHAR(C1,C2) VALUES(0xF09F92BB6161F09F93BA,'999');
INSERT INTO T1_SEC_CHAR(C1,C2) VALUES(0xF09F93BA6161F09F92BB,'998');
INSERT INTO T1_SEC_CHAR(C1,C2) VALUES(0xF09F93B16161F09F92BB,'997');
INSERT INTO T1_SEC_CHAR(C1,C2) VALUES(0xEFBFBD616161F09F93BA,'996');
INSERT INTO T1_SEC_CHAR(C1,C2) VALUES(0xEFBFBD6161F09F93BA,'1000');
INSERT INTO T1_SEC_CHAR(C1,C2) VALUES(0xEFBFBD6263F09F93BA,'995');
INSERT INTO T1_SEC_CHAR(C1,C2) VALUES(0xF09F93B1E4B8ADE59BBDF09F93BA,'994');
INSERT INTO T1_SEC_CHAR(C1,C2) VALUES(0xF09F93B1E4B8AD61E59BBDF09F93BA,'993');
INSERT INTO T1_SEC_CHAR(C1,C2) VALUES(0xE4B8AD61E59BBDF09F93BA,'992');
SELECT * FROM T1_SEC_CHAR WHERE C1='A';
ID	C1	C2
1	A	123
3	a	123
SELECT * FROM T1_SEC_CHAR WHERE C1='a';
ID	C1	C2
1	A	123
3	a	123
SELECT * FROM T1_SEC_CHAR WHERE C1='AB';
ID	C1	C2
2	AB	123
4	ab	123
SELECT * FROM T1_SEC_CHAR WHERE C1='ab';
ID	C1	C2
2	AB	123
4	ab	123
SELECT * FROM T1_SEC_CHAR WHERE C1='abc';
ID	C1	C2
SELECT * FROM T1_SEC_CHAR WHERE C1 in ('abc', 'AB');
ID	C1	C2
2	AB	123
4	ab	123
SELECT * FROM T1_SEC_CHAR WHERE C1 in ('ABC', 'CDE', 'cde');
ID	C1	C2
7	cde	123
8	CDE	123
9	CDE	123
SELECT C2,HEX(C1) FROM T1_SEC_CHAR where c1=0xF09F92BB6161F09F93BA;
C2	HEX(C1)
999	F09F92BB6161F09F93BA
998	F09F93BA6161F09F92BB
997	F09F93B16161F09F92BB
1000	EFBFBD6161F09F93BA
SELECT C2,HEX(C1) FROM T1_SEC_CHAR where c1=0xF09F92BBE4B8ADE59BBDF09F93BA;
C2	HEX(C1)
994	F09F93B1E4B8ADE59BBDF09F93BA
SELECT * FROM T1_SEC_CHAR WHERE C1>'ab' ORDER BY C1,ID;
ID	C1	C2
5	B	123
6	b	123
7	cde	123
8	CDE	123
9	CDE	123
14	ä¸€	123
18	ä¸€abä¸‰	123
19	ä¸€aäºŒbä¸‰c	123
17	ä¸€äºŒä¸‰	123
16	ä¸‰	123
28	ä¸­aå›½ðŸ“º	992
10	ä¸­å›½	123
11	ä¸­å›½äºº	123
15	äºŒ	123
12	ç¾Žå›½	123
13	ç¾Žå›½äºº	123
23	ï¿½aaaðŸ“º	996
20	ðŸ’»aaðŸ“º	999
21	ðŸ“ºaaðŸ’»	998
22	ðŸ“±aaðŸ’»	997
24	ï¿½aaðŸ“º	1000
25	ï¿½bcðŸ“º	995
27	ðŸ“±ä¸­aå›½ðŸ“º	993
26	ðŸ“±ä¸­å›½ðŸ“º	994
SELECT * FROM T1_SEC_CHAR WHERE C1>'AB' ORDER BY C1,ID;
ID	C1	C2
5	B	123
6	b	123
7	cde	123
8	CDE	123
9	CDE	123
14	ä¸€	123
18	ä¸€abä¸‰	123
19	ä¸€aäºŒbä¸‰c	123
17	ä¸€äºŒä¸‰	123
16	ä¸‰	123
28	ä¸­aå›½ðŸ“º	992
10	ä¸­å›½	123
11	ä¸­å›½äºº	123
15	äºŒ	123
12	ç¾Žå›½	123
13	ç¾Žå›½äºº	123
23	ï¿½aaaðŸ“º	996
20	ðŸ’»aaðŸ“º	999
21	ðŸ“ºaaðŸ’»	998
22	ðŸ“±aaðŸ’»	997
24	ï¿½aaðŸ“º	1000
25	ï¿½bcðŸ“º	995
27	ðŸ“±ä¸­aå›½ðŸ“º	993
26	ðŸ“±ä¸­å›½ðŸ“º	994
SELECT * FROM T1_SEC_CHAR WHERE C1>'a' ORDER BY C1,ID;
ID	C1	C2
2	AB	123
4	ab	123
5	B	123
6	b	123
7	cde	123
8	CDE	123
9	CDE	123
14	ä¸€	123
18	ä¸€abä¸‰	123
19	ä¸€aäºŒbä¸‰c	123
17	ä¸€äºŒä¸‰	123
16	ä¸‰	123
28	ä¸­aå›½ðŸ“º	992
10	ä¸­å›½	123
11	ä¸­å›½äºº	123
15	äºŒ	123
12	ç¾Žå›½	123
13	ç¾Žå›½äºº	123
23	ï¿½aaaðŸ“º	996
20	ðŸ’»aaðŸ“º	999
21	ðŸ“ºaaðŸ’»	998
22	ðŸ“±aaðŸ’»	997
24	ï¿½aaðŸ“º	1000
25	ï¿½bcðŸ“º	995
27	ðŸ“±ä¸­aå›½ðŸ“º	993
26	ðŸ“±ä¸­å›½ðŸ“º	994
SELECT * FROM T1_SEC_CHAR WHERE C1>='a' ORDER BY C1,ID;
ID	C1	C2
1	A	123
3	a	123
2	AB	123
4	ab	123
5	B	123
6	b	123
7	cde	123
8	CDE	123
9	CDE	123
14	ä¸€	123
18	ä¸€abä¸‰	123
19	ä¸€aäºŒbä¸‰c	123
17	ä¸€äºŒä¸‰	123
16	ä¸‰	123
28	ä¸­aå›½ðŸ“º	992
10	ä¸­å›½	123
11	ä¸­å›½äºº	123
15	äºŒ	123
12	ç¾Žå›½	123
13	ç¾Žå›½äºº	123
23	ï¿½aaaðŸ“º	996
20	ðŸ’»aaðŸ“º	999
21	ðŸ“ºaaðŸ’»	998
22	ðŸ“±aaðŸ’»	997
24	ï¿½aaðŸ“º	1000
25	ï¿½bcðŸ“º	995
27	ðŸ“±ä¸­aå›½ðŸ“º	993
26	ðŸ“±ä¸­å›½ðŸ“º	994
SELECT * FROM T1_SEC_CHAR WHERE C1>='ab' ORDER BY C1,ID;
ID	C1	C2
2	AB	123
4	ab	123
5	B	123
6	b	123
7	cde	123
8	CDE	123
9	CDE	123
14	ä¸€	123
18	ä¸€abä¸‰	123
19	ä¸€aäºŒbä¸‰c	123
17	ä¸€äºŒä¸‰	123
16	ä¸‰	123
28	ä¸­aå›½ðŸ“º	992
10	ä¸­å›½	123
11	ä¸­å›½äºº	123
15	äºŒ	123
12	ç¾Žå›½	123
13	ç¾Žå›½äºº	123
23	ï¿½aaaðŸ“º	996
20	ðŸ’»aaðŸ“º	999
21	ðŸ“ºaaðŸ’»	998
22	ðŸ“±aaðŸ’»	997
24	ï¿½aaðŸ“º	1000
25	ï¿½bcðŸ“º	995
27	ðŸ“±ä¸­aå›½ðŸ“º	993
26	ðŸ“±ä¸­å›½ðŸ“º	994
SELECT * FROM T1_SEC_CHAR WHERE C1>='AB' ORDER BY C1,ID;
ID	C1	C2
2	AB	123
4	ab	123
5	B	123
6	b	123
7	cde	123
8	CDE	123
9	CDE	123
14	ä¸€	123
18	ä¸€abä¸‰	123
19	ä¸€aäºŒbä¸‰c	123
17	ä¸€äºŒä¸‰	123
16	ä¸‰	123
28	ä¸­aå›½ðŸ“º	992
10	ä¸­å›½	123
11	ä¸­å›½äºº	123
15	äºŒ	123
12	ç¾Žå›½	123
13	ç¾Žå›½äºº	123
23	ï¿½aaaðŸ“º	996
20	ðŸ’»aaðŸ“º	999
21	ðŸ“ºaaðŸ’»	998
22	ðŸ“±aaðŸ’»	997
24	ï¿½aaðŸ“º	1000
25	ï¿½bcðŸ“º	995
27	ðŸ“±ä¸­aå›½ðŸ“º	993
26	ðŸ“±ä¸­å›½ðŸ“º	994
SELECT * FROM T1_SEC_CHAR WHERE C1<'ab' ORDER BY C1,ID;
ID	C1	C2
1	A	123
3	a	123
SELECT * FROM T1_SEC_CHAR WHERE C1<='AB' ORDER BY C1,ID;
ID	C1	C2
1	A	123
3	a	123
2	AB	123
4	ab	123
SELECT C2,HEX(C1) FROM T1_SEC_CHAR where c1>0xF09F92BB6161F09F93BA ORDER BY C1,ID;
C2	HEX(C1)
995	EFBFBD6263F09F93BA
993	F09F93B1E4B8AD61E59BBDF09F93BA
994	F09F93B1E4B8ADE59BBDF09F93BA
SELECT C2,HEX(C1) FROM T1_SEC_CHAR where c1>=0xF09F92BB6161F09F93BA ORDER BY C1,ID;
C2	HEX(C1)
999	F09F92BB6161F09F93BA
998	F09F93BA6161F09F92BB
997	F09F93B16161F09F92BB
1000	EFBFBD6161F09F93BA
995	EFBFBD6263F09F93BA
993	F09F93B1E4B8AD61E59BBDF09F93BA
994	F09F93B1E4B8ADE59BBDF09F93BA
SELECT C2,HEX(C1) FROM T1_SEC_CHAR where c1<0xF09F92BB6161F09F93BA ORDER BY C1,ID;
C2	HEX(C1)
123	41
123	61
123	4142
123	6162
123	42
123	62
123	636465
123	434445
123	434445
123	E4B880
123	E4B8806162E4B889
123	E4B88061E4BA8C62E4B88963
123	E4B880E4BA8CE4B889
123	E4B889
992	E4B8AD61E59BBDF09F93BA
123	E4B8ADE59BBD
123	E4B8ADE59BBDE4BABA
123	E4BA8C
123	E7BE8EE59BBD
123	E7BE8EE59BBDE4BABA
996	EFBFBD616161F09F93BA
SELECT C2,HEX(C1) FROM T1_SEC_CHAR where c1<=0xF09F92BB6161F09F93BA ORDER BY C1,ID;
C2	HEX(C1)
123	41
123	61
123	4142
123	6162
123	42
123	62
123	636465
123	434445
123	434445
123	E4B880
123	E4B8806162E4B889
123	E4B88061E4BA8C62E4B88963
123	E4B880E4BA8CE4B889
123	E4B889
992	E4B8AD61E59BBDF09F93BA
123	E4B8ADE59BBD
123	E4B8ADE59BBDE4BABA
123	E4BA8C
123	E7BE8EE59BBD
123	E7BE8EE59BBDE4BABA
996	EFBFBD616161F09F93BA
999	F09F92BB6161F09F93BA
998	F09F93BA6161F09F92BB
997	F09F93B16161F09F92BB
1000	EFBFBD6161F09F93BA
SELECT C2,HEX(C1) FROM T1_SEC_CHAR where c1>0xF09F92BB6161 ORDER BY C1,ID;
C2	HEX(C1)
996	EFBFBD616161F09F93BA
999	F09F92BB6161F09F93BA
998	F09F93BA6161F09F92BB
997	F09F93B16161F09F92BB
1000	EFBFBD6161F09F93BA
995	EFBFBD6263F09F93BA
993	F09F93B1E4B8AD61E59BBDF09F93BA
994	F09F93B1E4B8ADE59BBDF09F93BA
SELECT * FROM T1_SEC_CHAR ORDER BY C1 ASC, ID ASC;
ID	C1	C2
1	A	123
3	a	123
2	AB	123
4	ab	123
5	B	123
6	b	123
7	cde	123
8	CDE	123
9	CDE	123
14	ä¸€	123
18	ä¸€abä¸‰	123
19	ä¸€aäºŒbä¸‰c	123
17	ä¸€äºŒä¸‰	123
16	ä¸‰	123
28	ä¸­aå›½ðŸ“º	992
10	ä¸­å›½	123
11	ä¸­å›½äºº	123
15	äºŒ	123
12	ç¾Žå›½	123
13	ç¾Žå›½äºº	123
23	ï¿½aaaðŸ“º	996
20	ðŸ’»aaðŸ“º	999
21	ðŸ“ºaaðŸ’»	998
22	ðŸ“±aaðŸ’»	997
24	ï¿½aaðŸ“º	1000
25	ï¿½bcðŸ“º	995
27	ðŸ“±ä¸­aå›½ðŸ“º	993
26	ðŸ“±ä¸­å›½ðŸ“º	994
SELECT * FROM T1_SEC_CHAR ORDER BY C1 DESC, ID ASC;
ID	C1	C2
26	ðŸ“±ä¸­å›½ðŸ“º	994
27	ðŸ“±ä¸­aå›½ðŸ“º	993
25	ï¿½bcðŸ“º	995
20	ðŸ’»aaðŸ“º	999
21	ðŸ“ºaaðŸ’»	998
22	ðŸ“±aaðŸ’»	997
24	ï¿½aaðŸ“º	1000
23	ï¿½aaaðŸ“º	996
13	ç¾Žå›½äºº	123
12	ç¾Žå›½	123
15	äºŒ	123
11	ä¸­å›½äºº	123
10	ä¸­å›½	123
28	ä¸­aå›½ðŸ“º	992
16	ä¸‰	123
17	ä¸€äºŒä¸‰	123
19	ä¸€aäºŒbä¸‰c	123
18	ä¸€abä¸‰	123
14	ä¸€	123
7	cde	123
8	CDE	123
9	CDE	123
5	B	123
6	b	123
2	AB	123
4	ab	123
1	A	123
3	a	123
SELECT * FROM T1_SEC_CHAR WHERE C1>'ab' ORDER BY C1 DESC, ID ASC;
ID	C1	C2
26	ðŸ“±ä¸­å›½ðŸ“º	994
27	ðŸ“±ä¸­aå›½ðŸ“º	993
25	ï¿½bcðŸ“º	995
20	ðŸ’»aaðŸ“º	999
21	ðŸ“ºaaðŸ’»	998
22	ðŸ“±aaðŸ’»	997
24	ï¿½aaðŸ“º	1000
23	ï¿½aaaðŸ“º	996
13	ç¾Žå›½äºº	123
12	ç¾Žå›½	123
15	äºŒ	123
11	ä¸­å›½äºº	123
10	ä¸­å›½	123
28	ä¸­aå›½ðŸ“º	992
16	ä¸‰	123
17	ä¸€äºŒä¸‰	123
19	ä¸€aäºŒbä¸‰c	123
18	ä¸€abä¸‰	123
14	ä¸€	123
7	cde	123
8	CDE	123
9	CDE	123
5	B	123
6	b	123
SELECT * FROM T1_SEC_CHAR WHERE C1>'ab' ORDER BY C1 ASC, ID ASC;
ID	C1	C2
5	B	123
6	b	123
7	cde	123
8	CDE	123
9	CDE	123
14	ä¸€	123
18	ä¸€abä¸‰	123
19	ä¸€aäºŒbä¸‰c	123
17	ä¸€äºŒä¸‰	123
16	ä¸‰	123
28	ä¸­aå›½ðŸ“º	992
10	ä¸­å›½	123
11	ä¸­å›½äºº	123
15	äºŒ	123
12	ç¾Žå›½	123
13	ç¾Žå›½äºº	123
23	ï¿½aaaðŸ“º	996
20	ðŸ’»aaðŸ“º	999
21	ðŸ“ºaaðŸ’»	998
22	ðŸ“±aaðŸ’»	997
24	ï¿½aaðŸ“º	1000
25	ï¿½bcðŸ“º	995
27	ðŸ“±ä¸­aå›½ðŸ“º	993
26	ðŸ“±ä¸­å›½ðŸ“º	994
SELECT C2,HEX(C1) FROM T1_SEC_CHAR where c1>=0xF09F92BB6161F09F93BA ORDER BY C1 DESC, ID ASC;
C2	HEX(C1)
994	F09F93B1E4B8ADE59BBDF09F93BA
993	F09F93B1E4B8AD61E59BBDF09F93BA
995	EFBFBD6263F09F93BA
999	F09F92BB6161F09F93BA
998	F09F93BA6161F09F92BB
997	F09F93B16161F09F92BB
1000	EFBFBD6161F09F93BA
SELECT C2,HEX(C1) FROM T1_SEC_CHAR where c1>=0xF09F92BB6161F09F93BA ORDER BY C1 ASC, ID ASC;
C2	HEX(C1)
999	F09F92BB6161F09F93BA
998	F09F93BA6161F09F92BB
997	F09F93B16161F09F92BB
1000	EFBFBD6161F09F93BA
995	EFBFBD6263F09F93BA
993	F09F93B1E4B8AD61E59BBDF09F93BA
994	F09F93B1E4B8ADE59BBDF09F93BA
SELECT * FROM T1_SEC_CHAR WHERE C1>'ä¸€' ORDER BY C1,ID;
ID	C1	C2
18	ä¸€abä¸‰	123
19	ä¸€aäºŒbä¸‰c	123
17	ä¸€äºŒä¸‰	123
16	ä¸‰	123
28	ä¸­aå›½ðŸ“º	992
10	ä¸­å›½	123
11	ä¸­å›½äºº	123
15	äºŒ	123
12	ç¾Žå›½	123
13	ç¾Žå›½äºº	123
23	ï¿½aaaðŸ“º	996
20	ðŸ’»aaðŸ“º	999
21	ðŸ“ºaaðŸ’»	998
22	ðŸ“±aaðŸ’»	997
24	ï¿½aaðŸ“º	1000
25	ï¿½bcðŸ“º	995
27	ðŸ“±ä¸­aå›½ðŸ“º	993
26	ðŸ“±ä¸­å›½ðŸ“º	994
SELECT * FROM T1_SEC_CHAR WHERE C1='ä¸€' ORDER BY C1,ID;
ID	C1	C2
14	ä¸€	123
SELECT * FROM T1_SEC_CHAR WHERE C1<'ä¸€' ORDER BY C1,ID;
ID	C1	C2
1	A	123
3	a	123
2	AB	123
4	ab	123
5	B	123
6	b	123
7	cde	123
8	CDE	123
9	CDE	123
SELECT * FROM T1_SEC_CHAR WHERE C1>'ä¸€' ORDER BY C1,ID;
ID	C1	C2
18	ä¸€abä¸‰	123
19	ä¸€aäºŒbä¸‰c	123
17	ä¸€äºŒä¸‰	123
16	ä¸‰	123
28	ä¸­aå›½ðŸ“º	992
10	ä¸­å›½	123
11	ä¸­å›½äºº	123
15	äºŒ	123
12	ç¾Žå›½	123
13	ç¾Žå›½äºº	123
23	ï¿½aaaðŸ“º	996
20	ðŸ’»aaðŸ“º	999
21	ðŸ“ºaaðŸ’»	998
22	ðŸ“±aaðŸ’»	997
24	ï¿½aaðŸ“º	1000
25	ï¿½bcðŸ“º	995
27	ðŸ“±ä¸­aå›½ðŸ“º	993
26	ðŸ“±ä¸­å›½ðŸ“º	994
SELECT * FROM T1_SEC_CHAR WHERE C1='ä¸­å›½' ORDER BY C1,ID;
ID	C1	C2
10	ä¸­å›½	123
SELECT * FROM T1_SEC_CHAR WHERE C1='ä¸­1' ORDER BY C1,ID;
ID	C1	C2
SELECT * FROM T1_SEC_CHAR WHERE C1<='ä¸­1å›½' ORDER BY C1,ID;
ID	C1	C2
1	A	123
3	a	123
2	AB	123
4	ab	123
5	B	123
6	b	123
7	cde	123
8	CDE	123
9	CDE	123
14	ä¸€	123
18	ä¸€abä¸‰	123
19	ä¸€aäºŒbä¸‰c	123
17	ä¸€äºŒä¸‰	123
16	ä¸‰	123
SELECT * FROM T1_SEC_CHAR WHERE C1>='ç¾Žå›½' ORDER BY C1,ID;
ID	C1	C2
12	ç¾Žå›½	123
13	ç¾Žå›½äºº	123
23	ï¿½aaaðŸ“º	996
20	ðŸ’»aaðŸ“º	999
21	ðŸ“ºaaðŸ’»	998
22	ðŸ“±aaðŸ’»	997
24	ï¿½aaðŸ“º	1000
25	ï¿½bcðŸ“º	995
27	ðŸ“±ä¸­aå›½ðŸ“º	993
26	ðŸ“±ä¸­å›½ðŸ“º	994
SELECT * FROM T1_SEC_CHAR WHERE C1 in ('ä¸€', 'äºŒ', 'ç¾Žå›½', 'AB') ORDER BY C1,ID;
ID	C1	C2
2	AB	123
4	ab	123
14	ä¸€	123
15	äºŒ	123
12	ç¾Žå›½	123
SELECT * FROM T1_SEC_CHAR WHERE C1 LIKE 'ä¸€%' ORDER BY C1,ID;
ID	C1	C2
14	ä¸€	123
18	ä¸€abä¸‰	123
19	ä¸€aäºŒbä¸‰c	123
17	ä¸€äºŒä¸‰	123
SELECT * FROM T1_SEC_CHAR WHERE C1 LIKE '%ä¸€%' ORDER BY C1,ID;
ID	C1	C2
14	ä¸€	123
18	ä¸€abä¸‰	123
19	ä¸€aäºŒbä¸‰c	123
17	ä¸€äºŒä¸‰	123
SELECT * FROM T1_SEC_CHAR WHERE C1 LIKE '%ä¸€' ORDER BY C1,ID;
ID	C1	C2
14	ä¸€	123
SELECT C2,HEX(C1) FROM T1_SEC_CHAR where c1 LIKE '%ä¸­å›½%' ORDER BY C1,ID;
C2	HEX(C1)
123	E4B8ADE59BBD
123	E4B8ADE59BBDE4BABA
994	F09F93B1E4B8ADE59BBDF09F93BA
SELECT C2,HEX(C1) FROM T1_SEC_CHAR where c1 LIKE '%ä¸­aå›½%' ORDER BY C1,ID;
C2	HEX(C1)
992	E4B8AD61E59BBDF09F93BA
993	F09F93B1E4B8AD61E59BBDF09F93BA
SELECT C2,HEX(C1) FROM T1_SEC_CHAR where c1 LIKE 'ä¸­å›½%' ORDER BY C1,ID;
C2	HEX(C1)
123	E4B8ADE59BBD
123	E4B8ADE59BBDE4BABA
UPDATE T1_SEC_CHAR SET C2='KFC' WHERE C1>='ä¸­å›½';
SELECT * FROM T1_SEC_CHAR;
ID	C1	C2
1	A	123
2	AB	123
3	a	123
4	ab	123
5	B	123
6	b	123
7	cde	123
8	CDE	123
9	CDE	123
10	ä¸­å›½	KFC
11	ä¸­å›½äºº	KFC
12	ç¾Žå›½	KFC
13	ç¾Žå›½äºº	KFC
14	ä¸€	123
15	äºŒ	KFC
16	ä¸‰	123
17	ä¸€äºŒä¸‰	123
18	ä¸€abä¸‰	123
19	ä¸€aäºŒbä¸‰c	123
20	ðŸ’»aaðŸ“º	KFC
21	ðŸ“ºaaðŸ’»	KFC
22	ðŸ“±aaðŸ’»	KFC
23	ï¿½aaaðŸ“º	KFC
24	ï¿½aaðŸ“º	KFC
25	ï¿½bcðŸ“º	KFC
26	ðŸ“±ä¸­å›½ðŸ“º	KFC
27	ðŸ“±ä¸­aå›½ðŸ“º	KFC
28	ä¸­aå›½ðŸ“º	992
UPDATE T1_SEC_CHAR SET C2='KFC' WHERE C1>='AB';
SELECT * FROM T1_SEC_CHAR;
ID	C1	C2
1	A	123
2	AB	KFC
3	a	123
4	ab	KFC
5	B	KFC
6	b	KFC
7	cde	KFC
8	CDE	KFC
9	CDE	KFC
10	ä¸­å›½	KFC
11	ä¸­å›½äºº	KFC
12	ç¾Žå›½	KFC
13	ç¾Žå›½äºº	KFC
14	ä¸€	KFC
15	äºŒ	KFC
16	ä¸‰	KFC
17	ä¸€äºŒä¸‰	KFC
18	ä¸€abä¸‰	KFC
19	ä¸€aäºŒbä¸‰c	KFC
20	ðŸ’»aaðŸ“º	KFC
21	ðŸ“ºaaðŸ’»	KFC
22	ðŸ“±aaðŸ’»	KFC
23	ï¿½aaaðŸ“º	KFC
24	ï¿½aaðŸ“º	KFC
25	ï¿½bcðŸ“º	KFC
26	ðŸ“±ä¸­å›½ðŸ“º	KFC
27	ðŸ“±ä¸­aå›½ðŸ“º	KFC
28	ä¸­aå›½ðŸ“º	KFC
DELETE FROM T1_SEC_CHAR WHERE C1>='ä¸­å›½';
SELECT * FROM T1_SEC_CHAR;
ID	C1	C2
1	A	123
2	AB	KFC
3	a	123
4	ab	KFC
5	B	KFC
6	b	KFC
7	cde	KFC
8	CDE	KFC
9	CDE	KFC
14	ä¸€	KFC
16	ä¸‰	KFC
17	ä¸€äºŒä¸‰	KFC
18	ä¸€abä¸‰	KFC
19	ä¸€aäºŒbä¸‰c	KFC
28	ä¸­aå›½ðŸ“º	KFC
DELETE FROM T1_SEC_CHAR WHERE C1>='ab';
SELECT * FROM T1_SEC_CHAR;
ID	C1	C2
1	A	123
3	a	123
CREATE TABLE T1_UNIQUE(ID INT AUTO_INCREMENT, C1 VARCHAR(100), C2 VARCHAR(100), PRIMARY KEY(ID), UNIQUE KEY IDX_C1(C1)) CHARACTER SET UTF8MB4,COLLATE UTF8MB4_GENERAL_CI;
INSERT INTO T1_UNIQUE(C1,C2) VALUES('A', '123');
INSERT INTO T1_UNIQUE(C1,C2) VALUES('AB', '123');
INSERT INTO T1_UNIQUE(C1,C2) VALUES('a', '123');
ERROR 23000: Duplicate entry 'a' for key 'T1_UNIQUE.IDX_C1'
INSERT INTO T1_UNIQUE(C1,C2) VALUES('ab', '123');
ERROR 23000: Duplicate entry 'ab' for key 'T1_UNIQUE.IDX_C1'
INSERT INTO T1_UNIQUE(C1,C2) VALUES('B', '123');
INSERT INTO T1_UNIQUE(C1,C2) VALUES('b', '123');
ERROR 23000: Duplicate entry 'b' for key 'T1_UNIQUE.IDX_C1'
INSERT INTO T1_UNIQUE(C1,C2) VALUES('cde', '123');
INSERT INTO T1_UNIQUE(C1,C2) VALUES('CDE', '123');
ERROR 23000: Duplicate entry 'CDE' for key 'T1_UNIQUE.IDX_C1'
INSERT INTO T1_UNIQUE(C1,C2) VALUES('CDE', '123');
ERROR 23000: Duplicate entry 'CDE' for key 'T1_UNIQUE.IDX_C1'
INSERT INTO T1_UNIQUE(C1,C2) VALUES('ä¸­å›½', '123');
INSERT INTO T1_UNIQUE(C1,C2) VALUES('ä¸­å›½äºº', '123');
INSERT INTO T1_UNIQUE(C1,C2) VALUES('ç¾Žå›½', '123');
INSERT INTO T1_UNIQUE(C1,C2) VALUES('ç¾Žå›½äºº', '123');
INSERT INTO T1_UNIQUE(C1,C2) VALUES('ä¸€', '123');
INSERT INTO T1_UNIQUE(C1,C2) VALUES('äºŒ', '123');
INSERT INTO T1_UNIQUE(C1,C2) VALUES('ä¸‰', '123');
INSERT INTO T1_UNIQUE(C1,C2) VALUES('ä¸€äºŒä¸‰','123');
INSERT INTO T1_UNIQUE(C1,C2) VALUES('ä¸€abä¸‰','123');
INSERT INTO T1_UNIQUE(C1,C2) VALUES('ä¸€aäºŒbä¸‰c','123');
INSERT INTO T1_UNIQUE(C1,C2) VALUES(0xF09F92BB6161F09F93BA,'999');
INSERT INTO T1_UNIQUE(C1,C2) VALUES(0xF09F93BA6161F09F92BB,'998');
ERROR 23000: Duplicate entry '?aa?' for key 'T1_UNIQUE.IDX_C1'
INSERT INTO T1_UNIQUE(C1,C2) VALUES(0xF09F93B16161F09F92BB,'997');
ERROR 23000: Duplicate entry '?aa?' for key 'T1_UNIQUE.IDX_C1'
INSERT INTO T1_UNIQUE(C1,C2) VALUES(0xEFBFBD616161F09F93BA,'996');
INSERT INTO T1_UNIQUE(C1,C2) VALUES(0xEFBFBD6161F09F93BA,'1000');
ERROR 23000: Duplicate entry 'ï¿½aa?' for key 'T1_UNIQUE.IDX_C1'
INSERT INTO T1_UNIQUE(C1,C2) VALUES(0xEFBFBD6263F09F93BA,'995');
INSERT INTO T1_UNIQUE(C1,C2) VALUES(0xF09F93B1E4B8ADE59BBDF09F93BA,'994');
INSERT INTO T1_UNIQUE(C1,C2) VALUES(0xF09F93B1E4B8AD61E59BBDF09F93BA,'993');
INSERT INTO T1_UNIQUE(C1,C2) VALUES(0xE4B8AD61E59BBDF09F93BA,'992');
SELECT * FROM T1_UNIQUE WHERE C1='A';
ID	C1	C2
1	A	123
SELECT * FROM T1_UNIQUE WHERE C1='a';
ID	C1	C2
1	A	123
SELECT * FROM T1_UNIQUE WHERE C1='AB';
ID	C1	C2
2	AB	123
SELECT * FROM T1_UNIQUE WHERE C1='ab';
ID	C1	C2
2	AB	123
SELECT * FROM T1_UNIQUE WHERE C1='abc';
ID	C1	C2
SELECT * FROM T1_UNIQUE WHERE C1 in ('abc', 'AB');
ID	C1	C2
2	AB	123
SELECT * FROM T1_UNIQUE WHERE C1 in ('ABC', 'CDE', 'cde');
ID	C1	C2
7	cde	123
SELECT C2,HEX(C1) FROM T1_UNIQUE where c1=0xF09F92BB6161F09F93BA;
C2	HEX(C1)
999	F09F92BB6161F09F93BA
SELECT C2,HEX(C1) FROM T1_UNIQUE where c1=0xF09F92BBE4B8ADE59BBDF09F93BA;
C2	HEX(C1)
994	F09F93B1E4B8ADE59BBDF09F93BA
SELECT * FROM T1_UNIQUE WHERE C1>'ab' ORDER BY C1,ID;
ID	C1	C2
5	B	123
7	cde	123
14	ä¸€	123
18	ä¸€abä¸‰	123
19	ä¸€aäºŒbä¸‰c	123
17	ä¸€äºŒä¸‰	123
16	ä¸‰	123
28	ä¸­aå›½ðŸ“º	992
10	ä¸­å›½	123
11	ä¸­å›½äºº	123
15	äºŒ	123
12	ç¾Žå›½	123
13	ç¾Žå›½äºº	123
23	ï¿½aaaðŸ“º	996
20	ðŸ’»aaðŸ“º	999
25	ï¿½bcðŸ“º	995
27	ðŸ“±ä¸­aå›½ðŸ“º	993
26	ðŸ“±ä¸­å›½ðŸ“º	994
SELECT * FROM T1_UNIQUE WHERE C1>'AB' ORDER BY C1,ID;
ID	C1	C2
5	B	123
7	cde	123
14	ä¸€	123
18	ä¸€abä¸‰	123
19	ä¸€aäºŒbä¸‰c	123
17	ä¸€äºŒä¸‰	123
16	ä¸‰	123
28	ä¸­aå›½ðŸ“º	992
10	ä¸­å›½	123
11	ä¸­å›½äºº	123
15	äºŒ	123
12	ç¾Žå›½	123
13	ç¾Žå›½äºº	123
23	ï¿½aaaðŸ“º	996
20	ðŸ’»aaðŸ“º	999
25	ï¿½bcðŸ“º	995
27	ðŸ“±ä¸­aå›½ðŸ“º	993
26	ðŸ“±ä¸­å›½ðŸ“º	994
SELECT * FROM T1_UNIQUE WHERE C1>'a' ORDER BY C1,ID;
ID	C1	C2
2	AB	123
5	B	123
7	cde	123
14	ä¸€	123
18	ä¸€abä¸‰	123
19	ä¸€aäºŒbä¸‰c	123
17	ä¸€äºŒä¸‰	123
16	ä¸‰	123
28	ä¸­aå›½ðŸ“º	992
10	ä¸­å›½	123
11	ä¸­å›½äºº	123
15	äºŒ	123
12	ç¾Žå›½	123
13	ç¾Žå›½äºº	123
23	ï¿½aaaðŸ“º	996
20	ðŸ’»aaðŸ“º	999
25	ï¿½bcðŸ“º	995
27	ðŸ“±ä¸­aå›½ðŸ“º	993
26	ðŸ“±ä¸­å›½ðŸ“º	994
SELECT * FROM T1_UNIQUE WHERE C1>='a' ORDER BY C1,ID;
ID	C1	C2
1	A	123
2	AB	123
5	B	123
7	cde	123
14	ä¸€	123
18	ä¸€abä¸‰	123
19	ä¸€aäºŒbä¸‰c	123
17	ä¸€äºŒä¸‰	123
16	ä¸‰	123
28	ä¸­aå›½ðŸ“º	992
10	ä¸­å›½	123
11	ä¸­å›½äºº	123
15	äºŒ	123
12	ç¾Žå›½	123
13	ç¾Žå›½äºº	123
23	ï¿½aaaðŸ“º	996
20	ðŸ’»aaðŸ“º	999
25	ï¿½bcðŸ“º	995
27	ðŸ“±ä¸­aå›½ðŸ“º	993
26	ðŸ“±ä¸­å›½ðŸ“º	994
SELECT * FROM T1_UNIQUE WHERE C1>='ab' ORDER BY C1,ID;
ID	C1	C2
2	AB	123
5	B	123
7	cde	123
14	ä¸€	123
18	ä¸€abä¸‰	123
19	ä¸€aäºŒbä¸‰c	123
17	ä¸€äºŒä¸‰	123
16	ä¸‰	123
28	ä¸­aå›½ðŸ“º	992
10	ä¸­å›½	123
11	ä¸­å›½äºº	123
15	äºŒ	123
12	ç¾Žå›½	123
13	ç¾Žå›½äºº	123
23	ï¿½aaaðŸ“º	996
20	ðŸ’»aaðŸ“º	999
25	ï¿½bcðŸ“º	995
27	ðŸ“±ä¸­aå›½ðŸ“º	993
26	ðŸ“±ä¸­å›½ðŸ“º	994
SELECT * FROM T1_UNIQUE WHERE C1>='AB' ORDER BY C1,ID;
ID	C1	C2
2	AB	123
5	B	123
7	cde	123
14	ä¸€	123
18	ä¸€abä¸‰	123
19	ä¸€aäºŒbä¸‰c	123
17	ä¸€äºŒä¸‰	123
16	ä¸‰	123
28	ä¸­aå›½ðŸ“º	992
10	ä¸­å›½	123
11	ä¸­å›½äºº	123
15	äºŒ	123
12	ç¾Žå›½	123
13	ç¾Žå›½äºº	123
23	ï¿½aaaðŸ“º	996
20	ðŸ’»aaðŸ“º	999
25	ï¿½bcðŸ“º	995
27	ðŸ“±ä¸­aå›½ðŸ“º	993
26	ðŸ“±ä¸­å›½ðŸ“º	994
SELECT * FROM T1_UNIQUE WHERE C1<'ab' ORDER BY C1,ID;
ID	C1	C2
1	A	123
SELECT * FROM T1_UNIQUE WHERE C1<='AB' ORDER BY C1,ID;
ID	C1	C2
1	A	123
2	AB	123
SELECT C2,HEX(C1) FROM T1_UNIQUE where c1>0xF09F92BB6161F09F93BA ORDER BY C1,ID;
C2	HEX(C1)
995	EFBFBD6263F09F93BA
993	F09F93B1E4B8AD61E59BBDF09F93BA
994	F09F93B1E4B8ADE59BBDF09F93BA
SELECT C2,HEX(C1) FROM T1_UNIQUE where c1>=0xF09F92BB6161F09F93BA ORDER BY C1,ID;
C2	HEX(C1)
999	F09F92BB6161F09F93BA
995	EFBFBD6263F09F93BA
993	F09F93B1E4B8AD61E59BBDF09F93BA
994	F09F93B1E4B8ADE59BBDF09F93BA
SELECT C2,HEX(C1) FROM T1_UNIQUE where c1<0xF09F92BB6161F09F93BA ORDER BY C1,ID;
C2	HEX(C1)
123	41
123	4142
123	42
123	636465
123	E4B880
123	E4B8806162E4B889
123	E4B88061E4BA8C62E4B88963
123	E4B880E4BA8CE4B889
123	E4B889
992	E4B8AD61E59BBDF09F93BA
123	E4B8ADE59BBD
123	E4B8ADE59BBDE4BABA
123	E4BA8C
123	E7BE8EE59BBD
123	E7BE8EE59BBDE4BABA
996	EFBFBD616161F09F93BA
SELECT C2,HEX(C1) FROM T1_UNIQUE where c1<=0xF09F92BB6161F09F93BA ORDER BY C1,ID;
C2	HEX(C1)
123	41
123	4142
123	42
123	636465
123	E4B880
123	E4B8806162E4B889
123	E4B88061E4BA8C62E4B88963
123	E4B880E4BA8CE4B889
123	E4B889
992	E4B8AD61E59BBDF09F93BA
123	E4B8ADE59BBD
123	E4B8ADE59BBDE4BABA
123	E4BA8C
123	E7BE8EE59BBD
123	E7BE8EE59BBDE4BABA
996	EFBFBD616161F09F93BA
999	F09F92BB6161F09F93BA
SELECT C2,HEX(C1) FROM T1_UNIQUE where c1>0xF09F92BB6161 ORDER BY C1,ID;
C2	HEX(C1)
996	EFBFBD616161F09F93BA
999	F09F92BB6161F09F93BA
995	EFBFBD6263F09F93BA
993	F09F93B1E4B8AD61E59BBDF09F93BA
994	F09F93B1E4B8ADE59BBDF09F93BA
SELECT * FROM T1_UNIQUE ORDER BY C1 ASC, ID ASC;
ID	C1	C2
1	A	123
2	AB	123
5	B	123
7	cde	123
14	ä¸€	123
18	ä¸€abä¸‰	123
19	ä¸€aäºŒbä¸‰c	123
17	ä¸€äºŒä¸‰	123
16	ä¸‰	123
28	ä¸­aå›½ðŸ“º	992
10	ä¸­å›½	123
11	ä¸­å›½äºº	123
15	äºŒ	123
12	ç¾Žå›½	123
13	ç¾Žå›½äºº	123
23	ï¿½aaaðŸ“º	996
20	ðŸ’»aaðŸ“º	999
25	ï¿½bcðŸ“º	995
27	ðŸ“±ä¸­aå›½ðŸ“º	993
26	ðŸ“±ä¸­å›½ðŸ“º	994
SELECT * FROM T1_UNIQUE ORDER BY C1 DESC, ID ASC;
ID	C1	C2
26	ðŸ“±ä¸­å›½ðŸ“º	994
27	ðŸ“±ä¸­aå›½ðŸ“º	993
25	ï¿½bcðŸ“º	995
20	ðŸ’»aaðŸ“º	999
23	ï¿½aaaðŸ“º	996
13	ç¾Žå›½äºº	123
12	ç¾Žå›½	123
15	äºŒ	123
11	ä¸­å›½äºº	123
10	ä¸­å›½	123
28	ä¸­aå›½ðŸ“º	992
16	ä¸‰	123
17	ä¸€äºŒä¸‰	123
19	ä¸€aäºŒbä¸‰c	123
18	ä¸€abä¸‰	123
14	ä¸€	123
7	cde	123
5	B	123
2	AB	123
1	A	123
SELECT * FROM T1_UNIQUE WHERE C1>'ab' ORDER BY C1 DESC, ID ASC;
ID	C1	C2
26	ðŸ“±ä¸­å›½ðŸ“º	994
27	ðŸ“±ä¸­aå›½ðŸ“º	993
25	ï¿½bcðŸ“º	995
20	ðŸ’»aaðŸ“º	999
23	ï¿½aaaðŸ“º	996
13	ç¾Žå›½äºº	123
12	ç¾Žå›½	123
15	äºŒ	123
11	ä¸­å›½äºº	123
10	ä¸­å›½	123
28	ä¸­aå›½ðŸ“º	992
16	ä¸‰	123
17	ä¸€äºŒä¸‰	123
19	ä¸€aäºŒbä¸‰c	123
18	ä¸€abä¸‰	123
14	ä¸€	123
7	cde	123
5	B	123
SELECT * FROM T1_UNIQUE WHERE C1>'ab' ORDER BY C1 ASC, ID ASC;
ID	C1	C2
5	B	123
7	cde	123
14	ä¸€	123
18	ä¸€abä¸‰	123
19	ä¸€aäºŒbä¸‰c	123
17	ä¸€äºŒä¸‰	123
16	ä¸‰	123
28	ä¸­aå›½ðŸ“º	992
10	ä¸­å›½	123
11	ä¸­å›½äºº	123
15	äºŒ	123
12	ç¾Žå›½	123
13	ç¾Žå›½äºº	123
23	ï¿½aaaðŸ“º	996
20	ðŸ’»aaðŸ“º	999
25	ï¿½bcðŸ“º	995
27	ðŸ“±ä¸­aå›½ðŸ“º	993
26	ðŸ“±ä¸­å›½ðŸ“º	994
SELECT C2,HEX(C1) FROM T1_UNIQUE where c1>=0xF09F92BB6161F09F93BA ORDER BY C1 DESC, ID ASC;
C2	HEX(C1)
994	F09F93B1E4B8ADE59BBDF09F93BA
993	F09F93B1E4B8AD61E59BBDF09F93BA
995	EFBFBD6263F09F93BA
999	F09F92BB6161F09F93BA
SELECT C2,HEX(C1) FROM T1_UNIQUE where c1>=0xF09F92BB6161F09F93BA ORDER BY C1 ASC, ID ASC;
C2	HEX(C1)
999	F09F92BB6161F09F93BA
995	EFBFBD6263F09F93BA
993	F09F93B1E4B8AD61E59BBDF09F93BA
994	F09F93B1E4B8ADE59BBDF09F93BA
SELECT * FROM T1_UNIQUE WHERE C1>'ä¸€' ORDER BY C1,ID;
ID	C1	C2
18	ä¸€abä¸‰	123
19	ä¸€aäºŒbä¸‰c	123
17	ä¸€äºŒä¸‰	123
16	ä¸‰	123
28	ä¸­aå›½ðŸ“º	992
10	ä¸­å›½	123
11	ä¸­å›½äºº	123
15	äºŒ	123
12	ç¾Žå›½	123
13	ç¾Žå›½äºº	123
23	ï¿½aaaðŸ“º	996
20	ðŸ’»aaðŸ“º	999
25	ï¿½bcðŸ“º	995
27	ðŸ“±ä¸­aå›½ðŸ“º	993
26	ðŸ“±ä¸­å›½ðŸ“º	994
SELECT * FROM T1_UNIQUE WHERE C1='ä¸€' ORDER BY C1,ID;
ID	C1	C2
14	ä¸€	123
SELECT * FROM T1_UNIQUE WHERE C1<'ä¸€' ORDER BY C1,ID;
ID	C1	C2
1	A	123
2	AB	123
5	B	123
7	cde	123
SELECT * FROM T1_UNIQUE WHERE C1>'ä¸€' ORDER BY C1,ID;
ID	C1	C2
18	ä¸€abä¸‰	123
19	ä¸€aäºŒbä¸‰c	123
17	ä¸€äºŒä¸‰	123
16	ä¸‰	123
28	ä¸­aå›½ðŸ“º	992
10	ä¸­å›½	123
11	ä¸­å›½äºº	123
15	äºŒ	123
12	ç¾Žå›½	123
13	ç¾Žå›½äºº	123
23	ï¿½aaaðŸ“º	996
20	ðŸ’»aaðŸ“º	999
25	ï¿½bcðŸ“º	995
27	ðŸ“±ä¸­aå›½ðŸ“º	993
26	ðŸ“±ä¸­å›½ðŸ“º	994
SELECT * FROM T1_UNIQUE WHERE C1='ä¸­å›½' ORDER BY C1,ID;
ID	C1	C2
10	ä¸­å›½	123
SELECT * FROM T1_UNIQUE WHERE C1='ä¸­1' ORDER BY C1,ID;
ID	C1	C2
SELECT * FROM T1_UNIQUE WHERE C1<='ä¸­1å›½' ORDER BY C1,ID;
ID	C1	C2
1	A	123
2	AB	123
5	B	123
7	cde	123
14	ä¸€	123
18	ä¸€abä¸‰	123
19	ä¸€aäºŒbä¸‰c	123
17	ä¸€äºŒä¸‰	123
16	ä¸‰	123
SELECT * FROM T1_UNIQUE WHERE C1>='ç¾Žå›½' ORDER BY C1,ID;
ID	C1	C2
12	ç¾Žå›½	123
13	ç¾Žå›½äºº	123
23	ï¿½aaaðŸ“º	996
20	ðŸ’»aaðŸ“º	999
25	ï¿½bcðŸ“º	995
27	ðŸ“±ä¸­aå›½ðŸ“º	993
26	ðŸ“±ä¸­å›½ðŸ“º	994
SELECT * FROM T1_UNIQUE WHERE C1 in ('ä¸€', 'äºŒ', 'ç¾Žå›½', 'AB');
ID	C1	C2
2	AB	123
14	ä¸€	123
15	äºŒ	123
12	ç¾Žå›½	123
SELECT * FROM T1_UNIQUE WHERE C1 LIKE 'ä¸€%' ORDER BY C1,ID;
ID	C1	C2
14	ä¸€	123
18	ä¸€abä¸‰	123
19	ä¸€aäºŒbä¸‰c	123
17	ä¸€äºŒä¸‰	123
SELECT * FROM T1_UNIQUE WHERE C1 LIKE '%ä¸€%' ORDER BY C1,ID;
ID	C1	C2
14	ä¸€	123
18	ä¸€abä¸‰	123
19	ä¸€aäºŒbä¸‰c	123
17	ä¸€äºŒä¸‰	123
SELECT * FROM T1_UNIQUE WHERE C1 LIKE '%ä¸€' ORDER BY C1,ID;
ID	C1	C2
14	ä¸€	123
SELECT C2,HEX(C1) FROM T1_UNIQUE where c1>=0xF09F92BB6161F09F93BA ORDER BY C1 DESC, ID ASC;
C2	HEX(C1)
994	F09F93B1E4B8ADE59BBDF09F93BA
993	F09F93B1E4B8AD61E59BBDF09F93BA
995	EFBFBD6263F09F93BA
999	F09F92BB6161F09F93BA
SELECT C2,HEX(C1) FROM T1_UNIQUE where c1>=0xF09F92BB6161F09F93BA ORDER BY C1 ASC, ID ASC;
C2	HEX(C1)
999	F09F92BB6161F09F93BA
995	EFBFBD6263F09F93BA
993	F09F93B1E4B8AD61E59BBDF09F93BA
994	F09F93B1E4B8ADE59BBDF09F93BA
UPDATE T1_UNIQUE SET C2='KFC' WHERE C1>='ä¸­å›½';
SELECT * FROM T1_UNIQUE;
ID	C1	C2
1	A	123
2	AB	123
5	B	123
7	cde	123
10	ä¸­å›½	KFC
11	ä¸­å›½äºº	KFC
12	ç¾Žå›½	KFC
13	ç¾Žå›½äºº	KFC
14	ä¸€	123
15	äºŒ	KFC
16	ä¸‰	123
17	ä¸€äºŒä¸‰	123
18	ä¸€abä¸‰	123
19	ä¸€aäºŒbä¸‰c	123
20	ðŸ’»aaðŸ“º	KFC
23	ï¿½aaaðŸ“º	KFC
25	ï¿½bcðŸ“º	KFC
26	ðŸ“±ä¸­å›½ðŸ“º	KFC
27	ðŸ“±ä¸­aå›½ðŸ“º	KFC
28	ä¸­aå›½ðŸ“º	992
UPDATE T1_UNIQUE SET C2='KFC' WHERE C1>='AB';
SELECT * FROM T1_UNIQUE;
ID	C1	C2
1	A	123
2	AB	KFC
5	B	KFC
7	cde	KFC
10	ä¸­å›½	KFC
11	ä¸­å›½äºº	KFC
12	ç¾Žå›½	KFC
13	ç¾Žå›½äºº	KFC
14	ä¸€	KFC
15	äºŒ	KFC
16	ä¸‰	KFC
17	ä¸€äºŒä¸‰	KFC
18	ä¸€abä¸‰	KFC
19	ä¸€aäºŒbä¸‰c	KFC
20	ðŸ’»aaðŸ“º	KFC
23	ï¿½aaaðŸ“º	KFC
25	ï¿½bcðŸ“º	KFC
26	ðŸ“±ä¸­å›½ðŸ“º	KFC
27	ðŸ“±ä¸­aå›½ðŸ“º	KFC
28	ä¸­aå›½ðŸ“º	KFC
DELETE FROM T1_UNIQUE WHERE C1>='ä¸­å›½';
SELECT * FROM T1_UNIQUE;
ID	C1	C2
1	A	123
2	AB	KFC
5	B	KFC
7	cde	KFC
14	ä¸€	KFC
16	ä¸‰	KFC
17	ä¸€äºŒä¸‰	KFC
18	ä¸€abä¸‰	KFC
19	ä¸€aäºŒbä¸‰c	KFC
28	ä¸­aå›½ðŸ“º	KFC
DELETE FROM T1_UNIQUE WHERE C1>='ab';
SELECT * FROM T1_UNIQUE;
ID	C1	C2
1	A	123
CREATE TABLE T1_UNIQUE_CHAR(ID INT AUTO_INCREMENT, C1 CHAR(100), C2 CHAR(100), PRIMARY KEY(ID), UNIQUE KEY IDX_C1(C1)) CHARACTER SET UTF8MB4,COLLATE UTF8MB4_GENERAL_CI;
INSERT INTO T1_UNIQUE_CHAR(C1,C2) VALUES('A', '123');
INSERT INTO T1_UNIQUE_CHAR(C1,C2) VALUES('AB', '123');
INSERT INTO T1_UNIQUE_CHAR(C1,C2) VALUES('a', '123');
ERROR 23000: Duplicate entry 'a' for key 'T1_UNIQUE_CHAR.IDX_C1'
INSERT INTO T1_UNIQUE_CHAR(C1,C2) VALUES('ab', '123');
ERROR 23000: Duplicate entry 'ab' for key 'T1_UNIQUE_CHAR.IDX_C1'
INSERT INTO T1_UNIQUE_CHAR(C1,C2) VALUES('B', '123');
INSERT INTO T1_UNIQUE_CHAR(C1,C2) VALUES('b', '123');
ERROR 23000: Duplicate entry 'b' for key 'T1_UNIQUE_CHAR.IDX_C1'
INSERT INTO T1_UNIQUE_CHAR(C1,C2) VALUES('cde', '123');
INSERT INTO T1_UNIQUE_CHAR(C1,C2) VALUES('CDE', '123');
ERROR 23000: Duplicate entry 'CDE' for key 'T1_UNIQUE_CHAR.IDX_C1'
INSERT INTO T1_UNIQUE_CHAR(C1,C2) VALUES('CDE', '123');
ERROR 23000: Duplicate entry 'CDE' for key 'T1_UNIQUE_CHAR.IDX_C1'
INSERT INTO T1_UNIQUE_CHAR(C1,C2) VALUES('ä¸­å›½', '123');
INSERT INTO T1_UNIQUE_CHAR(C1,C2) VALUES('ä¸­å›½äºº', '123');
INSERT INTO T1_UNIQUE_CHAR(C1,C2) VALUES('ç¾Žå›½', '123');
INSERT INTO T1_UNIQUE_CHAR(C1,C2) VALUES('ç¾Žå›½äºº', '123');
INSERT INTO T1_UNIQUE_CHAR(C1,C2) VALUES('ä¸€', '123');
INSERT INTO T1_UNIQUE_CHAR(C1,C2) VALUES('äºŒ', '123');
INSERT INTO T1_UNIQUE_CHAR(C1,C2) VALUES('ä¸‰', '123');
INSERT INTO T1_UNIQUE_CHAR(C1,C2) VALUES('ä¸€äºŒä¸‰','123');
INSERT INTO T1_UNIQUE_CHAR(C1,C2) VALUES('ä¸€abä¸‰','123');
INSERT INTO T1_UNIQUE_CHAR(C1,C2) VALUES('ä¸€aäºŒbä¸‰c','123');
INSERT INTO T1_UNIQUE_CHAR(C1,C2) VALUES(0xF09F92BB6161F09F93BA,'999');
INSERT INTO T1_UNIQUE_CHAR(C1,C2) VALUES(0xF09F93BA6161F09F92BB,'998');
ERROR 23000: Duplicate entry '?aa?' for key 'T1_UNIQUE_CHAR.IDX_C1'
INSERT INTO T1_UNIQUE_CHAR(C1,C2) VALUES(0xF09F93B16161F09F92BB,'997');
ERROR 23000: Duplicate entry '?aa?' for key 'T1_UNIQUE_CHAR.IDX_C1'
INSERT INTO T1_UNIQUE_CHAR(C1,C2) VALUES(0xEFBFBD616161F09F93BA,'996');
INSERT INTO T1_UNIQUE_CHAR(C1,C2) VALUES(0xEFBFBD6161F09F93BA,'1000');
ERROR 23000: Duplicate entry 'ï¿½aa?' for key 'T1_UNIQUE_CHAR.IDX_C1'
INSERT INTO T1_UNIQUE_CHAR(C1,C2) VALUES(0xEFBFBD6263F09F93BA,'995');
INSERT INTO T1_UNIQUE_CHAR(C1,C2) VALUES(0xF09F93B1E4B8ADE59BBDF09F93BA,'994');
INSERT INTO T1_UNIQUE_CHAR(C1,C2) VALUES(0xF09F93B1E4B8AD61E59BBDF09F93BA,'993');
INSERT INTO T1_UNIQUE_CHAR(C1,C2) VALUES(0xE4B8AD61E59BBDF09F93BA,'992');
SELECT * FROM T1_UNIQUE_CHAR WHERE C1='A';
ID	C1	C2
1	A	123
SELECT * FROM T1_UNIQUE_CHAR WHERE C1='a';
ID	C1	C2
1	A	123
SELECT * FROM T1_UNIQUE_CHAR WHERE C1='AB';
ID	C1	C2
2	AB	123
SELECT * FROM T1_UNIQUE_CHAR WHERE C1='ab';
ID	C1	C2
2	AB	123
SELECT * FROM T1_UNIQUE_CHAR WHERE C1='abc';
ID	C1	C2
SELECT * FROM T1_UNIQUE_CHAR WHERE C1 in ('abc', 'AB');
ID	C1	C2
2	AB	123
SELECT * FROM T1_UNIQUE_CHAR WHERE C1 in ('ABC', 'CDE', 'cde');
ID	C1	C2
7	cde	123
SELECT C2,HEX(C1) FROM T1_UNIQUE_CHAR where c1=0xF09F92BB6161F09F93BA;
C2	HEX(C1)
999	F09F92BB6161F09F93BA
SELECT C2,HEX(C1) FROM T1_UNIQUE_CHAR where c1=0xF09F92BBE4B8ADE59BBDF09F93BA;
C2	HEX(C1)
994	F09F93B1E4B8ADE59BBDF09F93BA
SELECT * FROM T1_UNIQUE_CHAR WHERE C1>'ab' ORDER BY C1,ID;
ID	C1	C2
5	B	123
7	cde	123
14	ä¸€	123
18	ä¸€abä¸‰	123
19	ä¸€aäºŒbä¸‰c	123
17	ä¸€äºŒä¸‰	123
16	ä¸‰	123
28	ä¸­aå›½ðŸ“º	992
10	ä¸­å›½	123
11	ä¸­å›½äºº	123
15	äºŒ	123
12	ç¾Žå›½	123
13	ç¾Žå›½äºº	123
23	ï¿½aaaðŸ“º	996
20	ðŸ’»aaðŸ“º	999
25	ï¿½bcðŸ“º	995
27	ðŸ“±ä¸­aå›½ðŸ“º	993
26	ðŸ“±ä¸­å›½ðŸ“º	994
SELECT * FROM T1_UNIQUE_CHAR WHERE C1>'AB' ORDER BY C1,ID;
ID	C1	C2
5	B	123
7	cde	123
14	ä¸€	123
18	ä¸€abä¸‰	123
19	ä¸€aäºŒbä¸‰c	123
17	ä¸€äºŒä¸‰	123
16	ä¸‰	123
28	ä¸­aå›½ðŸ“º	992
10	ä¸­å›½	123
11	ä¸­å›½äºº	123
15	äºŒ	123
12	ç¾Žå›½	123
13	ç¾Žå›½äºº	123
23	ï¿½aaaðŸ“º	996
20	ðŸ’»aaðŸ“º	999
25	ï¿½bcðŸ“º	995
27	ðŸ“±ä¸­aå›½ðŸ“º	993
26	ðŸ“±ä¸­å›½ðŸ“º	994
SELECT * FROM T1_UNIQUE_CHAR WHERE C1>'a' ORDER BY C1,ID;
ID	C1	C2
2	AB	123
5	B	123
7	cde	123
14	ä¸€	123
18	ä¸€abä¸‰	123
19	ä¸€aäºŒbä¸‰c	123
17	ä¸€äºŒä¸‰	123
16	ä¸‰	123
28	ä¸­aå›½ðŸ“º	992
10	ä¸­å›½	123
11	ä¸­å›½äºº	123
15	äºŒ	123
12	ç¾Žå›½	123
13	ç¾Žå›½äºº	123
23	ï¿½aaaðŸ“º	996
20	ðŸ’»aaðŸ“º	999
25	ï¿½bcðŸ“º	995
27	ðŸ“±ä¸­aå›½ðŸ“º	993
26	ðŸ“±ä¸­å›½ðŸ“º	994
SELECT * FROM T1_UNIQUE_CHAR WHERE C1>='a' ORDER BY C1,ID;
ID	C1	C2
1	A	123
2	AB	123
5	B	123
7	cde	123
14	ä¸€	123
18	ä¸€abä¸‰	123
19	ä¸€aäºŒbä¸‰c	123
17	ä¸€äºŒä¸‰	123
16	ä¸‰	123
28	ä¸­aå›½ðŸ“º	992
10	ä¸­å›½	123
11	ä¸­å›½äºº	123
15	äºŒ	123
12	ç¾Žå›½	123
13	ç¾Žå›½äºº	123
23	ï¿½aaaðŸ“º	996
20	ðŸ’»aaðŸ“º	999
25	ï¿½bcðŸ“º	995
27	ðŸ“±ä¸­aå›½ðŸ“º	993
26	ðŸ“±ä¸­å›½ðŸ“º	994
SELECT * FROM T1_UNIQUE_CHAR WHERE C1>='ab' ORDER BY C1,ID;
ID	C1	C2
2	AB	123
5	B	123
7	cde	123
14	ä¸€	123
18	ä¸€abä¸‰	123
19	ä¸€aäºŒbä¸‰c	123
17	ä¸€äºŒä¸‰	123
16	ä¸‰	123
28	ä¸­aå›½ðŸ“º	992
10	ä¸­å›½	123
11	ä¸­å›½äºº	123
15	äºŒ	123
12	ç¾Žå›½	123
13	ç¾Žå›½äºº	123
23	ï¿½aaaðŸ“º	996
20	ðŸ’»aaðŸ“º	999
25	ï¿½bcðŸ“º	995
27	ðŸ“±ä¸­aå›½ðŸ“º	993
26	ðŸ“±ä¸­å›½ðŸ“º	994
SELECT * FROM T1_UNIQUE_CHAR WHERE C1>='AB' ORDER BY C1,ID;
ID	C1	C2
2	AB	123
5	B	123
7	cde	123
14	ä¸€	123
18	ä¸€abä¸‰	123
19	ä¸€aäºŒbä¸‰c	123
17	ä¸€äºŒä¸‰	123
16	ä¸‰	123
28	ä¸­aå›½ðŸ“º	992
10	ä¸­å›½	123
11	ä¸­å›½äºº	123
15	äºŒ	123
12	ç¾Žå›½	123
13	ç¾Žå›½äºº	123
23	ï¿½aaaðŸ“º	996
20	ðŸ’»aaðŸ“º	999
25	ï¿½bcðŸ“º	995
27	ðŸ“±ä¸­aå›½ðŸ“º	993
26	ðŸ“±ä¸­å›½ðŸ“º	994
SELECT * FROM T1_UNIQUE_CHAR WHERE C1<'ab' ORDER BY C1,ID;
ID	C1	C2
1	A	123
SELECT * FROM T1_UNIQUE_CHAR WHERE C1<='AB' ORDER BY C1,ID;
ID	C1	C2
1	A	123
2	AB	123
SELECT C2,HEX(C1) FROM T1_UNIQUE_CHAR where c1>0xF09F92BB6161F09F93BA ORDER BY C1,ID;
C2	HEX(C1)
995	EFBFBD6263F09F93BA
993	F09F93B1E4B8AD61E59BBDF09F93BA
994	F09F93B1E4B8ADE59BBDF09F93BA
SELECT C2,HEX(C1) FROM T1_UNIQUE_CHAR where c1>=0xF09F92BB6161F09F93BA ORDER BY C1,ID;
C2	HEX(C1)
999	F09F92BB6161F09F93BA
995	EFBFBD6263F09F93BA
993	F09F93B1E4B8AD61E59BBDF09F93BA
994	F09F93B1E4B8ADE59BBDF09F93BA
SELECT C2,HEX(C1) FROM T1_UNIQUE_CHAR where c1<0xF09F92BB6161F09F93BA ORDER BY C1,ID;
C2	HEX(C1)
123	41
123	4142
123	42
123	636465
123	E4B880
123	E4B8806162E4B889
123	E4B88061E4BA8C62E4B88963
123	E4B880E4BA8CE4B889
123	E4B889
992	E4B8AD61E59BBDF09F93BA
123	E4B8ADE59BBD
123	E4B8ADE59BBDE4BABA
123	E4BA8C
123	E7BE8EE59BBD
123	E7BE8EE59BBDE4BABA
996	EFBFBD616161F09F93BA
SELECT C2,HEX(C1) FROM T1_UNIQUE_CHAR where c1<=0xF09F92BB6161F09F93BA ORDER BY C1,ID;
C2	HEX(C1)
123	41
123	4142
123	42
123	636465
123	E4B880
123	E4B8806162E4B889
123	E4B88061E4BA8C62E4B88963
123	E4B880E4BA8CE4B889
123	E4B889
992	E4B8AD61E59BBDF09F93BA
123	E4B8ADE59BBD
123	E4B8ADE59BBDE4BABA
123	E4BA8C
123	E7BE8EE59BBD
123	E7BE8EE59BBDE4BABA
996	EFBFBD616161F09F93BA
999	F09F92BB6161F09F93BA
SELECT C2,HEX(C1) FROM T1_UNIQUE_CHAR where c1>0xF09F92BB6161 ORDER BY C1,ID;
C2	HEX(C1)
996	EFBFBD616161F09F93BA
999	F09F92BB6161F09F93BA
995	EFBFBD6263F09F93BA
993	F09F93B1E4B8AD61E59BBDF09F93BA
994	F09F93B1E4B8ADE59BBDF09F93BA
SELECT * FROM T1_UNIQUE_CHAR ORDER BY C1 ASC, ID ASC;
ID	C1	C2
1	A	123
2	AB	123
5	B	123
7	cde	123
14	ä¸€	123
18	ä¸€abä¸‰	123
19	ä¸€aäºŒbä¸‰c	123
17	ä¸€äºŒä¸‰	123
16	ä¸‰	123
28	ä¸­aå›½ðŸ“º	992
10	ä¸­å›½	123
11	ä¸­å›½äºº	123
15	äºŒ	123
12	ç¾Žå›½	123
13	ç¾Žå›½äºº	123
23	ï¿½aaaðŸ“º	996
20	ðŸ’»aaðŸ“º	999
25	ï¿½bcðŸ“º	995
27	ðŸ“±ä¸­aå›½ðŸ“º	993
26	ðŸ“±ä¸­å›½ðŸ“º	994
SELECT * FROM T1_UNIQUE_CHAR ORDER BY C1 DESC, ID ASC;
ID	C1	C2
26	ðŸ“±ä¸­å›½ðŸ“º	994
27	ðŸ“±ä¸­aå›½ðŸ“º	993
25	ï¿½bcðŸ“º	995
20	ðŸ’»aaðŸ“º	999
23	ï¿½aaaðŸ“º	996
13	ç¾Žå›½äºº	123
12	ç¾Žå›½	123
15	äºŒ	123
11	ä¸­å›½äºº	123
10	ä¸­å›½	123
28	ä¸­aå›½ðŸ“º	992
16	ä¸‰	123
17	ä¸€äºŒä¸‰	123
19	ä¸€aäºŒbä¸‰c	123
18	ä¸€abä¸‰	123
14	ä¸€	123
7	cde	123
5	B	123
2	AB	123
1	A	123
SELECT * FROM T1_UNIQUE_CHAR WHERE C1>'ab' ORDER BY C1 DESC, ID ASC;
ID	C1	C2
26	ðŸ“±ä¸­å›½ðŸ“º	994
27	ðŸ“±ä¸­aå›½ðŸ“º	993
25	ï¿½bcðŸ“º	995
20	ðŸ’»aaðŸ“º	999
23	ï¿½aaaðŸ“º	996
13	ç¾Žå›½äºº	123
12	ç¾Žå›½	123
15	äºŒ	123
11	ä¸­å›½äºº	123
10	ä¸­å›½	123
28	ä¸­aå›½ðŸ“º	992
16	ä¸‰	123
17	ä¸€äºŒä¸‰	123
19	ä¸€aäºŒbä¸‰c	123
18	ä¸€abä¸‰	123
14	ä¸€	123
7	cde	123
5	B	123
SELECT * FROM T1_UNIQUE_CHAR WHERE C1>'ab' ORDER BY C1 ASC, ID ASC;
ID	C1	C2
5	B	123
7	cde	123
14	ä¸€	123
18	ä¸€abä¸‰	123
19	ä¸€aäºŒbä¸‰c	123
17	ä¸€äºŒä¸‰	123
16	ä¸‰	123
28	ä¸­aå›½ðŸ“º	992
10	ä¸­å›½	123
11	ä¸­å›½äºº	123
15	äºŒ	123
12	ç¾Žå›½	123
13	ç¾Žå›½äºº	123
23	ï¿½aaaðŸ“º	996
20	ðŸ’»aaðŸ“º	999
25	ï¿½bcðŸ“º	995
27	ðŸ“±ä¸­aå›½ðŸ“º	993
26	ðŸ“±ä¸­å›½ðŸ“º	994
SELECT C2,HEX(C1) FROM T1_UNIQUE_CHAR where c1>=0xF09F92BB6161F09F93BA ORDER BY C1 DESC, ID ASC;
C2	HEX(C1)
994	F09F93B1E4B8ADE59BBDF09F93BA
993	F09F93B1E4B8AD61E59BBDF09F93BA
995	EFBFBD6263F09F93BA
999	F09F92BB6161F09F93BA
SELECT C2,HEX(C1) FROM T1_UNIQUE_CHAR where c1>=0xF09F92BB6161F09F93BA ORDER BY C1 ASC, ID ASC;
C2	HEX(C1)
999	F09F92BB6161F09F93BA
995	EFBFBD6263F09F93BA
993	F09F93B1E4B8AD61E59BBDF09F93BA
994	F09F93B1E4B8ADE59BBDF09F93BA
SELECT * FROM T1_UNIQUE_CHAR WHERE C1>'ä¸€' ORDER BY C1,ID;
ID	C1	C2
18	ä¸€abä¸‰	123
19	ä¸€aäºŒbä¸‰c	123
17	ä¸€äºŒä¸‰	123
16	ä¸‰	123
28	ä¸­aå›½ðŸ“º	992
10	ä¸­å›½	123
11	ä¸­å›½äºº	123
15	äºŒ	123
12	ç¾Žå›½	123
13	ç¾Žå›½äºº	123
23	ï¿½aaaðŸ“º	996
20	ðŸ’»aaðŸ“º	999
25	ï¿½bcðŸ“º	995
27	ðŸ“±ä¸­aå›½ðŸ“º	993
26	ðŸ“±ä¸­å›½ðŸ“º	994
SELECT * FROM T1_UNIQUE_CHAR WHERE C1='ä¸€' ORDER BY C1,ID;
ID	C1	C2
14	ä¸€	123
SELECT * FROM T1_UNIQUE_CHAR WHERE C1<'ä¸€' ORDER BY C1,ID;
ID	C1	C2
1	A	123
2	AB	123
5	B	123
7	cde	123
SELECT * FROM T1_UNIQUE_CHAR WHERE C1>'ä¸€' ORDER BY C1,ID;
ID	C1	C2
18	ä¸€abä¸‰	123
19	ä¸€aäºŒbä¸‰c	123
17	ä¸€äºŒä¸‰	123
16	ä¸‰	123
28	ä¸­aå›½ðŸ“º	992
10	ä¸­å›½	123
11	ä¸­å›½äºº	123
15	äºŒ	123
12	ç¾Žå›½	123
13	ç¾Žå›½äºº	123
23	ï¿½aaaðŸ“º	996
20	ðŸ’»aaðŸ“º	999
25	ï¿½bcðŸ“º	995
27	ðŸ“±ä¸­aå›½ðŸ“º	993
26	ðŸ“±ä¸­å›½ðŸ“º	994
SELECT * FROM T1_UNIQUE_CHAR WHERE C1='ä¸­å›½' ORDER BY C1,ID;
ID	C1	C2
10	ä¸­å›½	123
SELECT * FROM T1_UNIQUE_CHAR WHERE C1='ä¸­1' ORDER BY C1,ID;
ID	C1	C2
SELECT * FROM T1_UNIQUE_CHAR WHERE C1<='ä¸­1å›½' ORDER BY C1,ID;
ID	C1	C2
1	A	123
2	AB	123
5	B	123
7	cde	123
14	ä¸€	123
18	ä¸€abä¸‰	123
19	ä¸€aäºŒbä¸‰c	123
17	ä¸€äºŒä¸‰	123
16	ä¸‰	123
SELECT * FROM T1_UNIQUE_CHAR WHERE C1>='ç¾Žå›½' ORDER BY C1,ID;
ID	C1	C2
12	ç¾Žå›½	123
13	ç¾Žå›½äºº	123
23	ï¿½aaaðŸ“º	996
20	ðŸ’»aaðŸ“º	999
25	ï¿½bcðŸ“º	995
27	ðŸ“±ä¸­aå›½ðŸ“º	993
26	ðŸ“±ä¸­å›½ðŸ“º	994
SELECT * FROM T1_UNIQUE_CHAR WHERE C1 in ('ä¸€', 'äºŒ', 'ç¾Žå›½', 'AB');
ID	C1	C2
2	AB	123
14	ä¸€	123
15	äºŒ	123
12	ç¾Žå›½	123
SELECT * FROM T1_UNIQUE_CHAR WHERE C1 LIKE 'ä¸€%' ORDER BY C1,ID;
ID	C1	C2
14	ä¸€	123
18	ä¸€abä¸‰	123
19	ä¸€aäºŒbä¸‰c	123
17	ä¸€äºŒä¸‰	123
SELECT * FROM T1_UNIQUE_CHAR WHERE C1 LIKE '%ä¸€%' ORDER BY C1,ID;
ID	C1	C2
14	ä¸€	123
18	ä¸€abä¸‰	123
19	ä¸€aäºŒbä¸‰c	123
17	ä¸€äºŒä¸‰	123
SELECT * FROM T1_UNIQUE_CHAR WHERE C1 LIKE '%ä¸€' ORDER BY C1,ID;
ID	C1	C2
14	ä¸€	123
SELECT C2,HEX(C1) FROM T1_UNIQUE_CHAR where c1 LIKE '%ä¸­å›½%' ORDER BY C1,ID;
C2	HEX(C1)
123	E4B8ADE59BBD
123	E4B8ADE59BBDE4BABA
994	F09F93B1E4B8ADE59BBDF09F93BA
SELECT C2,HEX(C1) FROM T1_UNIQUE_CHAR where c1 LIKE '%ä¸­aå›½%' ORDER BY C1,ID;
C2	HEX(C1)
992	E4B8AD61E59BBDF09F93BA
993	F09F93B1E4B8AD61E59BBDF09F93BA
SELECT C2,HEX(C1) FROM T1_UNIQUE_CHAR where c1 LIKE 'ä¸­å›½%' ORDER BY C1,ID;
C2	HEX(C1)
123	E4B8ADE59BBD
123	E4B8ADE59BBDE4BABA
UPDATE T1_UNIQUE_CHAR SET C2='KFC' WHERE C1>='ä¸­å›½';
SELECT * FROM T1_UNIQUE_CHAR;
ID	C1	C2
1	A	123
2	AB	123
5	B	123
7	cde	123
10	ä¸­å›½	KFC
11	ä¸­å›½äºº	KFC
12	ç¾Žå›½	KFC
13	ç¾Žå›½äºº	KFC
14	ä¸€	123
15	äºŒ	KFC
16	ä¸‰	123
17	ä¸€äºŒä¸‰	123
18	ä¸€abä¸‰	123
19	ä¸€aäºŒbä¸‰c	123
20	ðŸ’»aaðŸ“º	KFC
23	ï¿½aaaðŸ“º	KFC
25	ï¿½bcðŸ“º	KFC
26	ðŸ“±ä¸­å›½ðŸ“º	KFC
27	ðŸ“±ä¸­aå›½ðŸ“º	KFC
28	ä¸­aå›½ðŸ“º	992
UPDATE T1_UNIQUE_CHAR SET C2='KFC' WHERE C1>='AB';
SELECT * FROM T1_UNIQUE_CHAR;
ID	C1	C2
1	A	123
2	AB	KFC
5	B	KFC
7	cde	KFC
10	ä¸­å›½	KFC
11	ä¸­å›½äºº	KFC
12	ç¾Žå›½	KFC
13	ç¾Žå›½äºº	KFC
14	ä¸€	KFC
15	äºŒ	KFC
16	ä¸‰	KFC
17	ä¸€äºŒä¸‰	KFC
18	ä¸€abä¸‰	KFC
19	ä¸€aäºŒbä¸‰c	KFC
20	ðŸ’»aaðŸ“º	KFC
23	ï¿½aaaðŸ“º	KFC
25	ï¿½bcðŸ“º	KFC
26	ðŸ“±ä¸­å›½ðŸ“º	KFC
27	ðŸ“±ä¸­aå›½ðŸ“º	KFC
28	ä¸­aå›½ðŸ“º	KFC
DELETE FROM T1_UNIQUE_CHAR WHERE C1>='ä¸­å›½';
SELECT * FROM T1_UNIQUE_CHAR;
ID	C1	C2
1	A	123
2	AB	KFC
5	B	KFC
7	cde	KFC
14	ä¸€	KFC
16	ä¸‰	KFC
17	ä¸€äºŒä¸‰	KFC
18	ä¸€abä¸‰	KFC
19	ä¸€aäºŒbä¸‰c	KFC
28	ä¸­aå›½ðŸ“º	KFC
DELETE FROM T1_UNIQUE_CHAR WHERE C1>='ab';
SELECT * FROM T1_UNIQUE_CHAR;
ID	C1	C2
1	A	123
CREATE TABLE T1_SEC_COMBINED(ID INT AUTO_INCREMENT, C1 VARCHAR(100), C2 VARCHAR(100), PRIMARY KEY(ID), KEY IDX_C1C2(C1,C2)) CHARACTER SET UTF8MB4,COLLATE UTF8MB4_GENERAL_CI;
INSERT INTO T1_SEC_COMBINED(C1,C2) VALUES('A', 'a');
INSERT INTO T1_SEC_COMBINED(C1,C2) VALUES('AB', 'ä¸­å›½');
INSERT INTO T1_SEC_COMBINED(C1,C2) VALUES('a', '125');
INSERT INTO T1_SEC_COMBINED(C1,C2) VALUES('ab', 'ç¾Žå›½');
INSERT INTO T1_SEC_COMBINED(C1,C2) VALUES('B', '123');
INSERT INTO T1_SEC_COMBINED(C1,C2) VALUES('b', '124');
INSERT INTO T1_SEC_COMBINED(C1,C2) VALUES('cde', 'abc');
INSERT INTO T1_SEC_COMBINED(C1,C2) VALUES('CDE', '123');
INSERT INTO T1_SEC_COMBINED(C1,C2) VALUES('CDE', '124');
INSERT INTO T1_SEC_COMBINED(C1,C2) VALUES('ä¸­å›½', 'ä¸€');
INSERT INTO T1_SEC_COMBINED(C1,C2) VALUES('ä¸­å›½äºº', 'äºŒ');
INSERT INTO T1_SEC_COMBINED(C1,C2) VALUES('ç¾Žå›½', '124');
INSERT INTO T1_SEC_COMBINED(C1,C2) VALUES('ç¾Žå›½äºº', '125');
INSERT INTO T1_SEC_COMBINED(C1,C2) VALUES('ä¸€', 'ä¸­aå›½');
INSERT INTO T1_SEC_COMBINED(C1,C2) VALUES('äºŒ', '124');
INSERT INTO T1_SEC_COMBINED(C1,C2) VALUES('ä¸‰', '123');
INSERT INTO T1_SEC_COMBINED(C1,C2) VALUES('ä¸€äºŒä¸‰','ä¸­aå›½bç¾Žå›½');
INSERT INTO T1_SEC_COMBINED(C1,C2) VALUES('ä¸€abä¸‰','124');
INSERT INTO T1_SEC_COMBINED(C1,C2) VALUES('ä¸€aäºŒbä¸‰c','123');
INSERT INTO T1_SEC_COMBINED(C1,C2) VALUES(0xF09F92BB6161F09F93BA, '999');
INSERT INTO T1_SEC_COMBINED(C1,C2) VALUES(0xF09F93BA6161F09F92BB, 0xF09F93BA6161F09F92BB);
INSERT INTO T1_SEC_COMBINED(C1,C2) VALUES(0xF09F93B16161F09F92BB, 0xF09F93BA6161F09F92BB);
INSERT INTO T1_SEC_COMBINED(C1,C2) VALUES(0xEFBFBD616161F09F93BA, '996');
INSERT INTO T1_SEC_COMBINED(C1,C2) VALUES(0xEFBFBD6161F09F93BA, '1000');
INSERT INTO T1_SEC_COMBINED(C1,C2) VALUES(0xEFBFBD6263F09F93BA, 0xEFBFBD6263F09F93BA);
INSERT INTO T1_SEC_COMBINED(C1,C2) VALUES(0xF09F93B1E4B8ADE59BBDF09F93BA, 0xEFBFBD6263F09F93BA);
INSERT INTO T1_SEC_COMBINED(C1,C2) VALUES(0xF09F93B1E4B8AD61E59BBDF09F93BA,'993');
INSERT INTO T1_SEC_COMBINED(C1,C2) VALUES(0xE4B8AD61E59BBDF09F93BA,'992');
SELECT * FROM T1_SEC_COMBINED WHERE C1='A';
ID	C1	C2
3	a	125
1	A	a
SELECT * FROM T1_SEC_COMBINED WHERE C1='a' and C2='125';
ID	C1	C2
3	a	125
SELECT * FROM T1_SEC_COMBINED WHERE C1='AB';
ID	C1	C2
2	AB	ä¸­å›½
4	ab	ç¾Žå›½
SELECT * FROM T1_SEC_COMBINED WHERE C1='ab';
ID	C1	C2
2	AB	ä¸­å›½
4	ab	ç¾Žå›½
SELECT * FROM T1_SEC_COMBINED WHERE C1='ab' and C2='ä¸­å›½';
ID	C1	C2
2	AB	ä¸­å›½
SELECT * FROM T1_SEC_COMBINED WHERE C1 in ('ABC', 'CDE', 'cde') ORDER BY C1,C2,ID;
ID	C1	C2
8	CDE	123
9	CDE	124
7	cde	abc
SELECT HEX(C2), HEX(C1) FROM T1_SEC_COMBINED where c1=0xF09F92BB6161F09F93BA;
HEX(C2)	HEX(C1)
31303030	EFBFBD6161F09F93BA
393939	F09F92BB6161F09F93BA
F09F93BA6161F09F92BB	F09F93BA6161F09F92BB
F09F93BA6161F09F92BB	F09F93B16161F09F92BB
SELECT HEX(C2), HEX(C1) FROM T1_SEC_COMBINED where c1=0xF09F92BBE4B8ADE59BBDF09F93BA;
HEX(C2)	HEX(C1)
EFBFBD6263F09F93BA	F09F93B1E4B8ADE59BBDF09F93BA
SELECT HEX(C2), HEX(C1) FROM T1_SEC_COMBINED where c1=0xF09F93B1E4B8AD61E59BBDF09F93BA and c2='993';
HEX(C2)	HEX(C1)
393933	F09F93B1E4B8AD61E59BBDF09F93BA
SELECT HEX(C2), HEX(C1) FROM T1_SEC_COMBINED where c1=0xF09F93B1E4B8ADE59BBDF09F93BA and c2=0xEFBFBD6263F09F93BA;
HEX(C2)	HEX(C1)
EFBFBD6263F09F93BA	F09F93B1E4B8ADE59BBDF09F93BA
SELECT * FROM T1_SEC_COMBINED WHERE C1>'ab' ORDER BY C1,C2,ID;
ID	C1	C2
5	B	123
6	b	124
8	CDE	123
9	CDE	124
7	cde	abc
14	ä¸€	ä¸­aå›½
18	ä¸€abä¸‰	124
19	ä¸€aäºŒbä¸‰c	123
17	ä¸€äºŒä¸‰	ä¸­aå›½bç¾Žå›½
16	ä¸‰	123
28	ä¸­aå›½ðŸ“º	992
10	ä¸­å›½	ä¸€
11	ä¸­å›½äºº	äºŒ
15	äºŒ	124
12	ç¾Žå›½	124
13	ç¾Žå›½äºº	125
23	ï¿½aaaðŸ“º	996
24	ï¿½aaðŸ“º	1000
20	ðŸ’»aaðŸ“º	999
21	ðŸ“ºaaðŸ’»	ðŸ“ºaaðŸ’»
22	ðŸ“±aaðŸ’»	ðŸ“ºaaðŸ’»
25	ï¿½bcðŸ“º	ï¿½bcðŸ“º
27	ðŸ“±ä¸­aå›½ðŸ“º	993
26	ðŸ“±ä¸­å›½ðŸ“º	ï¿½bcðŸ“º
SELECT * FROM T1_SEC_COMBINED WHERE C1>'ab' and C2>'ä¸­å›½' ORDER BY C1,C2,ID;
ID	C1	C2
11	ä¸­å›½äºº	äºŒ
21	ðŸ“ºaaðŸ’»	ðŸ“ºaaðŸ’»
22	ðŸ“±aaðŸ’»	ðŸ“ºaaðŸ’»
25	ï¿½bcðŸ“º	ï¿½bcðŸ“º
26	ðŸ“±ä¸­å›½ðŸ“º	ï¿½bcðŸ“º
SELECT * FROM T1_SEC_COMBINED WHERE C1>'a' and C2<'124' ORDER BY C1,C2,ID;
ID	C1	C2
5	B	123
8	CDE	123
19	ä¸€aäºŒbä¸‰c	123
16	ä¸‰	123
24	ï¿½aaðŸ“º	1000
SELECT * FROM T1_SEC_COMBINED WHERE C1>='a' ORDER BY C1,C2,ID;
ID	C1	C2
3	a	125
1	A	a
2	AB	ä¸­å›½
4	ab	ç¾Žå›½
5	B	123
6	b	124
8	CDE	123
9	CDE	124
7	cde	abc
14	ä¸€	ä¸­aå›½
18	ä¸€abä¸‰	124
19	ä¸€aäºŒbä¸‰c	123
17	ä¸€äºŒä¸‰	ä¸­aå›½bç¾Žå›½
16	ä¸‰	123
28	ä¸­aå›½ðŸ“º	992
10	ä¸­å›½	ä¸€
11	ä¸­å›½äºº	äºŒ
15	äºŒ	124
12	ç¾Žå›½	124
13	ç¾Žå›½äºº	125
23	ï¿½aaaðŸ“º	996
24	ï¿½aaðŸ“º	1000
20	ðŸ’»aaðŸ“º	999
21	ðŸ“ºaaðŸ’»	ðŸ“ºaaðŸ’»
22	ðŸ“±aaðŸ’»	ðŸ“ºaaðŸ’»
25	ï¿½bcðŸ“º	ï¿½bcðŸ“º
27	ðŸ“±ä¸­aå›½ðŸ“º	993
26	ðŸ“±ä¸­å›½ðŸ“º	ï¿½bcðŸ“º
SELECT * FROM T1_SEC_COMBINED WHERE C1>='ab' and C2>='124' ORDER BY C1,C2,ID;
ID	C1	C2
2	AB	ä¸­å›½
4	ab	ç¾Žå›½
6	b	124
9	CDE	124
7	cde	abc
14	ä¸€	ä¸­aå›½
18	ä¸€abä¸‰	124
17	ä¸€äºŒä¸‰	ä¸­aå›½bç¾Žå›½
28	ä¸­aå›½ðŸ“º	992
10	ä¸­å›½	ä¸€
11	ä¸­å›½äºº	äºŒ
15	äºŒ	124
12	ç¾Žå›½	124
13	ç¾Žå›½äºº	125
23	ï¿½aaaðŸ“º	996
20	ðŸ’»aaðŸ“º	999
21	ðŸ“ºaaðŸ’»	ðŸ“ºaaðŸ’»
22	ðŸ“±aaðŸ’»	ðŸ“ºaaðŸ’»
25	ï¿½bcðŸ“º	ï¿½bcðŸ“º
27	ðŸ“±ä¸­aå›½ðŸ“º	993
26	ðŸ“±ä¸­å›½ðŸ“º	ï¿½bcðŸ“º
SELECT * FROM T1_SEC_COMBINED WHERE C1>='AB' and C2>='124' ORDER BY C1,C2,ID;
ID	C1	C2
2	AB	ä¸­å›½
4	ab	ç¾Žå›½
6	b	124
9	CDE	124
7	cde	abc
14	ä¸€	ä¸­aå›½
18	ä¸€abä¸‰	124
17	ä¸€äºŒä¸‰	ä¸­aå›½bç¾Žå›½
28	ä¸­aå›½ðŸ“º	992
10	ä¸­å›½	ä¸€
11	ä¸­å›½äºº	äºŒ
15	äºŒ	124
12	ç¾Žå›½	124
13	ç¾Žå›½äºº	125
23	ï¿½aaaðŸ“º	996
20	ðŸ’»aaðŸ“º	999
21	ðŸ“ºaaðŸ’»	ðŸ“ºaaðŸ’»
22	ðŸ“±aaðŸ’»	ðŸ“ºaaðŸ’»
25	ï¿½bcðŸ“º	ï¿½bcðŸ“º
27	ðŸ“±ä¸­aå›½ðŸ“º	993
26	ðŸ“±ä¸­å›½ðŸ“º	ï¿½bcðŸ“º
SELECT * FROM T1_SEC_COMBINED WHERE C1<'ab' and C2<'ç¾Žå›½' ORDER BY C1,C2,ID;
ID	C1	C2
3	a	125
1	A	a
SELECT * FROM T1_SEC_COMBINED WHERE C1<='AB' and C2>='124' ORDER BY C1,C2,ID;
ID	C1	C2
3	a	125
1	A	a
2	AB	ä¸­å›½
4	ab	ç¾Žå›½
SELECT * FROM T1_SEC_COMBINED WHERE C1>='ä¸€abäºŒ' and C2<'äºŒ' ORDER BY C1,C2,ID;
ID	C1	C2
19	ä¸€aäºŒbä¸‰c	123
17	ä¸€äºŒä¸‰	ä¸­aå›½bç¾Žå›½
16	ä¸‰	123
28	ä¸­aå›½ðŸ“º	992
10	ä¸­å›½	ä¸€
15	äºŒ	124
12	ç¾Žå›½	124
13	ç¾Žå›½äºº	125
23	ï¿½aaaðŸ“º	996
24	ï¿½aaðŸ“º	1000
20	ðŸ’»aaðŸ“º	999
27	ðŸ“±ä¸­aå›½ðŸ“º	993
SELECT * FROM T1_SEC_COMBINED WHERE C1='ä¸€abä¸‰' ORDER BY C1,C2,ID;
ID	C1	C2
18	ä¸€abä¸‰	124
SELECT * FROM T1_SEC_COMBINED WHERE C1<='ä¸€' ORDER BY C1,C2,ID;
ID	C1	C2
3	a	125
1	A	a
2	AB	ä¸­å›½
4	ab	ç¾Žå›½
5	B	123
6	b	124
8	CDE	123
9	CDE	124
7	cde	abc
14	ä¸€	ä¸­aå›½
SELECT * FROM T1_SEC_COMBINED WHERE C1>='ç¾Žaå›½' and C2<'125' ORDER BY C1,C2,ID;
ID	C1	C2
12	ç¾Žå›½	124
24	ï¿½aaðŸ“º	1000
SELECT C2,HEX(C1) FROM T1_SEC_COMBINED where c1>0xF09F92BB6161F09F93BA ORDER BY C1,C2,ID;
C2	HEX(C1)
ï¿½bcðŸ“º	EFBFBD6263F09F93BA
993	F09F93B1E4B8AD61E59BBDF09F93BA
ï¿½bcðŸ“º	F09F93B1E4B8ADE59BBDF09F93BA
SELECT C2,HEX(C1) FROM T1_SEC_COMBINED where c1>=0xF09F92BB6161F09F93BA ORDER BY C1,C2,ID;
C2	HEX(C1)
1000	EFBFBD6161F09F93BA
999	F09F92BB6161F09F93BA
ðŸ“ºaaðŸ’»	F09F93BA6161F09F92BB
ðŸ“ºaaðŸ’»	F09F93B16161F09F92BB
ï¿½bcðŸ“º	EFBFBD6263F09F93BA
993	F09F93B1E4B8AD61E59BBDF09F93BA
ï¿½bcðŸ“º	F09F93B1E4B8ADE59BBDF09F93BA
SELECT C2,HEX(C1) FROM T1_SEC_COMBINED where c1<0xF09F92BB6161F09F93BA ORDER BY C1,C2,ID;
C2	HEX(C1)
125	61
a	41
ä¸­å›½	4142
ç¾Žå›½	6162
123	42
124	62
123	434445
124	434445
abc	636465
ä¸­aå›½	E4B880
124	E4B8806162E4B889
123	E4B88061E4BA8C62E4B88963
ä¸­aå›½bç¾Žå›½	E4B880E4BA8CE4B889
123	E4B889
992	E4B8AD61E59BBDF09F93BA
ä¸€	E4B8ADE59BBD
äºŒ	E4B8ADE59BBDE4BABA
124	E4BA8C
124	E7BE8EE59BBD
125	E7BE8EE59BBDE4BABA
996	EFBFBD616161F09F93BA
SELECT C2,HEX(C1) FROM T1_SEC_COMBINED where c1<=0xF09F92BB6161F09F93BA ORDER BY C1,C2,ID;
C2	HEX(C1)
125	61
a	41
ä¸­å›½	4142
ç¾Žå›½	6162
123	42
124	62
123	434445
124	434445
abc	636465
ä¸­aå›½	E4B880
124	E4B8806162E4B889
123	E4B88061E4BA8C62E4B88963
ä¸­aå›½bç¾Žå›½	E4B880E4BA8CE4B889
123	E4B889
992	E4B8AD61E59BBDF09F93BA
ä¸€	E4B8ADE59BBD
äºŒ	E4B8ADE59BBDE4BABA
124	E4BA8C
124	E7BE8EE59BBD
125	E7BE8EE59BBDE4BABA
996	EFBFBD616161F09F93BA
1000	EFBFBD6161F09F93BA
999	F09F92BB6161F09F93BA
ðŸ“ºaaðŸ’»	F09F93BA6161F09F92BB
ðŸ“ºaaðŸ’»	F09F93B16161F09F92BB
SELECT C2,HEX(C1) FROM T1_SEC_COMBINED where c1>0xF09F92BB6161 ORDER BY C1,C2,ID;
C2	HEX(C1)
996	EFBFBD616161F09F93BA
1000	EFBFBD6161F09F93BA
999	F09F92BB6161F09F93BA
ðŸ“ºaaðŸ’»	F09F93BA6161F09F92BB
ðŸ“ºaaðŸ’»	F09F93B16161F09F92BB
ï¿½bcðŸ“º	EFBFBD6263F09F93BA
993	F09F93B1E4B8AD61E59BBDF09F93BA
ï¿½bcðŸ“º	F09F93B1E4B8ADE59BBDF09F93BA
SELECT * FROM T1_SEC_COMBINED ORDER BY C1 ASC, C2 ASC, ID ASC;
ID	C1	C2
3	a	125
1	A	a
2	AB	ä¸­å›½
4	ab	ç¾Žå›½
5	B	123
6	b	124
8	CDE	123
9	CDE	124
7	cde	abc
14	ä¸€	ä¸­aå›½
18	ä¸€abä¸‰	124
19	ä¸€aäºŒbä¸‰c	123
17	ä¸€äºŒä¸‰	ä¸­aå›½bç¾Žå›½
16	ä¸‰	123
28	ä¸­aå›½ðŸ“º	992
10	ä¸­å›½	ä¸€
11	ä¸­å›½äºº	äºŒ
15	äºŒ	124
12	ç¾Žå›½	124
13	ç¾Žå›½äºº	125
23	ï¿½aaaðŸ“º	996
24	ï¿½aaðŸ“º	1000
20	ðŸ’»aaðŸ“º	999
21	ðŸ“ºaaðŸ’»	ðŸ“ºaaðŸ’»
22	ðŸ“±aaðŸ’»	ðŸ“ºaaðŸ’»
25	ï¿½bcðŸ“º	ï¿½bcðŸ“º
27	ðŸ“±ä¸­aå›½ðŸ“º	993
26	ðŸ“±ä¸­å›½ðŸ“º	ï¿½bcðŸ“º
SELECT * FROM T1_SEC_COMBINED ORDER BY C1 DESC, C2 ASC, ID ASC;
ID	C1	C2
26	ðŸ“±ä¸­å›½ðŸ“º	ï¿½bcðŸ“º
27	ðŸ“±ä¸­aå›½ðŸ“º	993
25	ï¿½bcðŸ“º	ï¿½bcðŸ“º
24	ï¿½aaðŸ“º	1000
20	ðŸ’»aaðŸ“º	999
21	ðŸ“ºaaðŸ’»	ðŸ“ºaaðŸ’»
22	ðŸ“±aaðŸ’»	ðŸ“ºaaðŸ’»
23	ï¿½aaaðŸ“º	996
13	ç¾Žå›½äºº	125
12	ç¾Žå›½	124
15	äºŒ	124
11	ä¸­å›½äºº	äºŒ
10	ä¸­å›½	ä¸€
28	ä¸­aå›½ðŸ“º	992
16	ä¸‰	123
17	ä¸€äºŒä¸‰	ä¸­aå›½bç¾Žå›½
19	ä¸€aäºŒbä¸‰c	123
18	ä¸€abä¸‰	124
14	ä¸€	ä¸­aå›½
8	CDE	123
9	CDE	124
7	cde	abc
5	B	123
6	b	124
2	AB	ä¸­å›½
4	ab	ç¾Žå›½
3	a	125
1	A	a
SELECT * FROM T1_SEC_COMBINED WHERE C1>'ab' ORDER BY C1,C2,ID DESC;
ID	C1	C2
5	B	123
6	b	124
8	CDE	123
9	CDE	124
7	cde	abc
14	ä¸€	ä¸­aå›½
18	ä¸€abä¸‰	124
19	ä¸€aäºŒbä¸‰c	123
17	ä¸€äºŒä¸‰	ä¸­aå›½bç¾Žå›½
16	ä¸‰	123
28	ä¸­aå›½ðŸ“º	992
10	ä¸­å›½	ä¸€
11	ä¸­å›½äºº	äºŒ
15	äºŒ	124
12	ç¾Žå›½	124
13	ç¾Žå›½äºº	125
23	ï¿½aaaðŸ“º	996
24	ï¿½aaðŸ“º	1000
20	ðŸ’»aaðŸ“º	999
22	ðŸ“±aaðŸ’»	ðŸ“ºaaðŸ’»
21	ðŸ“ºaaðŸ’»	ðŸ“ºaaðŸ’»
25	ï¿½bcðŸ“º	ï¿½bcðŸ“º
27	ðŸ“±ä¸­aå›½ðŸ“º	993
26	ðŸ“±ä¸­å›½ðŸ“º	ï¿½bcðŸ“º
SELECT * FROM T1_SEC_COMBINED WHERE C1>'ab' ORDER BY C1,C2,ID ASC;
ID	C1	C2
5	B	123
6	b	124
8	CDE	123
9	CDE	124
7	cde	abc
14	ä¸€	ä¸­aå›½
18	ä¸€abä¸‰	124
19	ä¸€aäºŒbä¸‰c	123
17	ä¸€äºŒä¸‰	ä¸­aå›½bç¾Žå›½
16	ä¸‰	123
28	ä¸­aå›½ðŸ“º	992
10	ä¸­å›½	ä¸€
11	ä¸­å›½äºº	äºŒ
15	äºŒ	124
12	ç¾Žå›½	124
13	ç¾Žå›½äºº	125
23	ï¿½aaaðŸ“º	996
24	ï¿½aaðŸ“º	1000
20	ðŸ’»aaðŸ“º	999
21	ðŸ“ºaaðŸ’»	ðŸ“ºaaðŸ’»
22	ðŸ“±aaðŸ’»	ðŸ“ºaaðŸ’»
25	ï¿½bcðŸ“º	ï¿½bcðŸ“º
27	ðŸ“±ä¸­aå›½ðŸ“º	993
26	ðŸ“±ä¸­å›½ðŸ“º	ï¿½bcðŸ“º
SELECT C2,HEX(C1) FROM T1_SEC_COMBINED where c1>=0xF09F92BB6161F09F93BA ORDER BY C1 DESC,ID DESC;
C2	HEX(C1)
ï¿½bcðŸ“º	F09F93B1E4B8ADE59BBDF09F93BA
993	F09F93B1E4B8AD61E59BBDF09F93BA
ï¿½bcðŸ“º	EFBFBD6263F09F93BA
1000	EFBFBD6161F09F93BA
ðŸ“ºaaðŸ’»	F09F93B16161F09F92BB
ðŸ“ºaaðŸ’»	F09F93BA6161F09F92BB
999	F09F92BB6161F09F93BA
SELECT C2,HEX(C1) FROM T1_SEC_COMBINED where c1>=0xF09F92BB6161F09F93BA ORDER BY C1 ASC, ID ASC;
C2	HEX(C1)
999	F09F92BB6161F09F93BA
ðŸ“ºaaðŸ’»	F09F93BA6161F09F92BB
ðŸ“ºaaðŸ’»	F09F93B16161F09F92BB
1000	EFBFBD6161F09F93BA
ï¿½bcðŸ“º	EFBFBD6263F09F93BA
993	F09F93B1E4B8AD61E59BBDF09F93BA
ï¿½bcðŸ“º	F09F93B1E4B8ADE59BBDF09F93BA
CREATE TABLE T1_SEC_COMBINED2(ID INT AUTO_INCREMENT, C1 INT, C2 VARCHAR(100), PRIMARY KEY(ID), KEY IDX_C1C2(C1,C2)) CHARACTER SET UTF8MB4,COLLATE UTF8MB4_GENERAL_CI;
INSERT INTO T1_SEC_COMBINED2(C1,C2) VALUES(1, 'a');
INSERT INTO T1_SEC_COMBINED2(C1,C2) VALUES(1, 'ä¸­å›½');
INSERT INTO T1_SEC_COMBINED2(C1,C2) VALUES(2, '125');
INSERT INTO T1_SEC_COMBINED2(C1,C2) VALUES(3, 'ç¾Žå›½');
INSERT INTO T1_SEC_COMBINED2(C1,C2) VALUES(2, '123');
INSERT INTO T1_SEC_COMBINED2(C1,C2) VALUES(3, '124');
INSERT INTO T1_SEC_COMBINED2(C1,C2) VALUES(2, 'abc');
INSERT INTO T1_SEC_COMBINED2(C1,C2) VALUES(2, '123');
INSERT INTO T1_SEC_COMBINED2(C1,C2) VALUES(3, '124');
INSERT INTO T1_SEC_COMBINED2(C1,C2) VALUES(2, 'ä¸€');
INSERT INTO T1_SEC_COMBINED2(C1,C2) VALUES(1, 'äºŒ');
INSERT INTO T1_SEC_COMBINED2(C1,C2) VALUES(4, '124');
INSERT INTO T1_SEC_COMBINED2(C1,C2) VALUES(1, '125');
INSERT INTO T1_SEC_COMBINED2(C1,C2) VALUES(2, 'ä¸­aå›½');
INSERT INTO T1_SEC_COMBINED2(C1,C2) VALUES(3, '124');
INSERT INTO T1_SEC_COMBINED2(C1,C2) VALUES(1, '123');
INSERT INTO T1_SEC_COMBINED2(C1,C2) VALUES(2,'ä¸­aå›½bç¾Žå›½');
INSERT INTO T1_SEC_COMBINED2(C1,C2) VALUES(3,'124');
INSERT INTO T1_SEC_COMBINED2(C1,C2) VALUES(1,'123');
SELECT * FROM T1_SEC_COMBINED2 WHERE C1=1;
ID	C1	C2
16	1	123
19	1	123
13	1	125
1	1	a
2	1	ä¸­å›½
11	1	äºŒ
SELECT * FROM T1_SEC_COMBINED2 WHERE C1=2 and C2='125';
ID	C1	C2
3	2	125
SELECT * FROM T1_SEC_COMBINED2 WHERE C1=2;
ID	C1	C2
5	2	123
8	2	123
3	2	125
7	2	abc
10	2	ä¸€
14	2	ä¸­aå›½
17	2	ä¸­aå›½bç¾Žå›½
SELECT * FROM T1_SEC_COMBINED2 WHERE C1=3;
ID	C1	C2
6	3	124
9	3	124
15	3	124
18	3	124
4	3	ç¾Žå›½
SELECT * FROM T1_SEC_COMBINED2 WHERE C1=1 and C2='ä¸­å›½';
ID	C1	C2
2	1	ä¸­å›½
SELECT * FROM T1_SEC_COMBINED2 WHERE C1 in (1, 3, 4) ORDER BY C1,C2,ID;
ID	C1	C2
16	1	123
19	1	123
13	1	125
1	1	a
2	1	ä¸­å›½
11	1	äºŒ
6	3	124
9	3	124
15	3	124
18	3	124
4	3	ç¾Žå›½
12	4	124
SELECT * FROM T1_SEC_COMBINED2 WHERE C1>1 ORDER BY C1,C2,ID;
ID	C1	C2
5	2	123
8	2	123
3	2	125
7	2	abc
10	2	ä¸€
14	2	ä¸­aå›½
17	2	ä¸­aå›½bç¾Žå›½
6	3	124
9	3	124
15	3	124
18	3	124
4	3	ç¾Žå›½
12	4	124
SELECT * FROM T1_SEC_COMBINED2 WHERE C1>1 and C2>'ä¸­å›½' ORDER BY C1,C2,ID;
ID	C1	C2
4	3	ç¾Žå›½
SELECT * FROM T1_SEC_COMBINED2 WHERE C1>2 and C2<'124' ORDER BY C1,C2,ID;
ID	C1	C2
SELECT * FROM T1_SEC_COMBINED2 WHERE C1>=2 ORDER BY C1,C2,ID;
ID	C1	C2
5	2	123
8	2	123
3	2	125
7	2	abc
10	2	ä¸€
14	2	ä¸­aå›½
17	2	ä¸­aå›½bç¾Žå›½
6	3	124
9	3	124
15	3	124
18	3	124
4	3	ç¾Žå›½
12	4	124
SELECT * FROM T1_SEC_COMBINED2 WHERE C1>=2 and C2>='124' ORDER BY C1,C2,ID;
ID	C1	C2
3	2	125
7	2	abc
10	2	ä¸€
14	2	ä¸­aå›½
17	2	ä¸­aå›½bç¾Žå›½
6	3	124
9	3	124
15	3	124
18	3	124
4	3	ç¾Žå›½
12	4	124
SELECT * FROM T1_SEC_COMBINED2 WHERE C1>=2 and C2>='124' ORDER BY C1,C2,ID;
ID	C1	C2
3	2	125
7	2	abc
10	2	ä¸€
14	2	ä¸­aå›½
17	2	ä¸­aå›½bç¾Žå›½
6	3	124
9	3	124
15	3	124
18	3	124
4	3	ç¾Žå›½
12	4	124
SELECT * FROM T1_SEC_COMBINED2 WHERE C1<3 and C2<'ç¾Žå›½' ORDER BY C1,C2,ID;
ID	C1	C2
16	1	123
19	1	123
13	1	125
1	1	a
2	1	ä¸­å›½
11	1	äºŒ
5	2	123
8	2	123
3	2	125
7	2	abc
10	2	ä¸€
14	2	ä¸­aå›½
17	2	ä¸­aå›½bç¾Žå›½
SELECT * FROM T1_SEC_COMBINED2 WHERE C1<=2 and C2>='124' ORDER BY C1,C2,ID;
ID	C1	C2
13	1	125
1	1	a
2	1	ä¸­å›½
11	1	äºŒ
3	2	125
7	2	abc
10	2	ä¸€
14	2	ä¸­aå›½
17	2	ä¸­aå›½bç¾Žå›½
SELECT * FROM T1_SEC_COMBINED2 WHERE C1>=1 and C2<'äºŒ' ORDER BY C1,C2,ID;
ID	C1	C2
16	1	123
19	1	123
13	1	125
1	1	a
2	1	ä¸­å›½
5	2	123
8	2	123
3	2	125
7	2	abc
10	2	ä¸€
14	2	ä¸­aå›½
17	2	ä¸­aå›½bç¾Žå›½
6	3	124
9	3	124
15	3	124
18	3	124
12	4	124
SELECT * FROM T1_SEC_COMBINED2 WHERE C1=1 ORDER BY C1,C2,ID;
ID	C1	C2
16	1	123
19	1	123
13	1	125
1	1	a
2	1	ä¸­å›½
11	1	äºŒ
SELECT * FROM T1_SEC_COMBINED2 WHERE C1<=2 ORDER BY C1,C2,ID;
ID	C1	C2
16	1	123
19	1	123
13	1	125
1	1	a
2	1	ä¸­å›½
11	1	äºŒ
5	2	123
8	2	123
3	2	125
7	2	abc
10	2	ä¸€
14	2	ä¸­aå›½
17	2	ä¸­aå›½bç¾Žå›½
SELECT * FROM T1_SEC_COMBINED2 WHERE C1>=2 and C2<'125' ORDER BY C1,C2,ID;
ID	C1	C2
5	2	123
8	2	123
6	3	124
9	3	124
15	3	124
18	3	124
12	4	124
SELECT * FROM T1_SEC_COMBINED2 ORDER BY C1 ASC, C2 ASC, ID ASC;
ID	C1	C2
16	1	123
19	1	123
13	1	125
1	1	a
2	1	ä¸­å›½
11	1	äºŒ
5	2	123
8	2	123
3	2	125
7	2	abc
10	2	ä¸€
14	2	ä¸­aå›½
17	2	ä¸­aå›½bç¾Žå›½
6	3	124
9	3	124
15	3	124
18	3	124
4	3	ç¾Žå›½
12	4	124
SELECT * FROM T1_SEC_COMBINED2 ORDER BY C1 DESC, C2 ASC, ID ASC;
ID	C1	C2
12	4	124
6	3	124
9	3	124
15	3	124
18	3	124
4	3	ç¾Žå›½
5	2	123
8	2	123
3	2	125
7	2	abc
10	2	ä¸€
14	2	ä¸­aå›½
17	2	ä¸­aå›½bç¾Žå›½
16	1	123
19	1	123
13	1	125
1	1	a
2	1	ä¸­å›½
11	1	äºŒ
SELECT * FROM T1_SEC_COMBINED2 WHERE C1>1 ORDER BY C1,C2,ID DESC;
ID	C1	C2
8	2	123
5	2	123
3	2	125
7	2	abc
10	2	ä¸€
14	2	ä¸­aå›½
17	2	ä¸­aå›½bç¾Žå›½
18	3	124
15	3	124
9	3	124
6	3	124
4	3	ç¾Žå›½
12	4	124
SELECT * FROM T1_SEC_COMBINED2 WHERE C1>1 ORDER BY C1,C2,ID ASC;
ID	C1	C2
5	2	123
8	2	123
3	2	125
7	2	abc
10	2	ä¸€
14	2	ä¸­aå›½
17	2	ä¸­aå›½bç¾Žå›½
6	3	124
9	3	124
15	3	124
18	3	124
4	3	ç¾Žå›½
12	4	124
CREATE TABLE T1_SEC_COMBINED3(ID INT AUTO_INCREMENT, C1 VARCHAR(100), C2 INT, PRIMARY KEY(ID), KEY IDX_C1C2(C1,C2)) CHARACTER SET UTF8MB4,COLLATE UTF8MB4_GENERAL_CI;
INSERT INTO T1_SEC_COMBINED3(C1,C2) VALUES('A', 1);
INSERT INTO T1_SEC_COMBINED3(C1,C2) VALUES('AB', 2);
INSERT INTO T1_SEC_COMBINED3(C1,C2) VALUES('a', 3);
INSERT INTO T1_SEC_COMBINED3(C1,C2) VALUES('ab', 1);
INSERT INTO T1_SEC_COMBINED3(C1,C2) VALUES('B', 2);
INSERT INTO T1_SEC_COMBINED3(C1,C2) VALUES('b', 3);
INSERT INTO T1_SEC_COMBINED3(C1,C2) VALUES('cde', 1);
INSERT INTO T1_SEC_COMBINED3(C1,C2) VALUES('CDE', 2);
INSERT INTO T1_SEC_COMBINED3(C1,C2) VALUES('CDE', 3);
INSERT INTO T1_SEC_COMBINED3(C1,C2) VALUES('ä¸­å›½', 4);
INSERT INTO T1_SEC_COMBINED3(C1,C2) VALUES('ä¸­å›½äºº', 3);
INSERT INTO T1_SEC_COMBINED3(C1,C2) VALUES('ç¾Žå›½', 2);
INSERT INTO T1_SEC_COMBINED3(C1,C2) VALUES('ç¾Žå›½äºº', 4);
INSERT INTO T1_SEC_COMBINED3(C1,C2) VALUES('ä¸€', 3);
INSERT INTO T1_SEC_COMBINED3(C1,C2) VALUES('äºŒ', 2);
INSERT INTO T1_SEC_COMBINED3(C1,C2) VALUES('ä¸‰', 1);
INSERT INTO T1_SEC_COMBINED3(C1,C2) VALUES('ä¸€äºŒä¸‰', 4);
INSERT INTO T1_SEC_COMBINED3(C1,C2) VALUES('ä¸€abä¸‰', 2);
INSERT INTO T1_SEC_COMBINED3(C1,C2) VALUES('ä¸€aäºŒbä¸‰c',1);
SELECT * FROM T1_SEC_COMBINED3 WHERE C1='A';
ID	C1	C2
1	A	1
3	a	3
SELECT * FROM T1_SEC_COMBINED3 WHERE C1='a' and C2=1;
ID	C1	C2
1	A	1
SELECT * FROM T1_SEC_COMBINED3 WHERE C1='AB';
ID	C1	C2
4	ab	1
2	AB	2
SELECT * FROM T1_SEC_COMBINED3 WHERE C1='ab';
ID	C1	C2
4	ab	1
2	AB	2
SELECT * FROM T1_SEC_COMBINED3 WHERE C1='ab' and C2=2;
ID	C1	C2
2	AB	2
SELECT * FROM T1_SEC_COMBINED3 WHERE C1 in ('ABC', 'CDE', 'cde');
ID	C1	C2
7	cde	1
8	CDE	2
9	CDE	3
SELECT * FROM T1_SEC_COMBINED3 WHERE C1>'ab' ORDER BY C1,C2;
ID	C1	C2
5	B	2
6	b	3
7	cde	1
8	CDE	2
9	CDE	3
14	ä¸€	3
18	ä¸€abä¸‰	2
19	ä¸€aäºŒbä¸‰c	1
17	ä¸€äºŒä¸‰	4
16	ä¸‰	1
10	ä¸­å›½	4
11	ä¸­å›½äºº	3
15	äºŒ	2
12	ç¾Žå›½	2
13	ç¾Žå›½äºº	4
SELECT * FROM T1_SEC_COMBINED3 WHERE C1>'ab' and C2>1 ORDER BY C1,C2;
ID	C1	C2
5	B	2
6	b	3
8	CDE	2
9	CDE	3
14	ä¸€	3
18	ä¸€abä¸‰	2
17	ä¸€äºŒä¸‰	4
10	ä¸­å›½	4
11	ä¸­å›½äºº	3
15	äºŒ	2
12	ç¾Žå›½	2
13	ç¾Žå›½äºº	4
SELECT * FROM T1_SEC_COMBINED3 WHERE C1>'a' and C2<4 ORDER BY C1,C2;
ID	C1	C2
4	ab	1
2	AB	2
5	B	2
6	b	3
7	cde	1
8	CDE	2
9	CDE	3
14	ä¸€	3
18	ä¸€abä¸‰	2
19	ä¸€aäºŒbä¸‰c	1
16	ä¸‰	1
11	ä¸­å›½äºº	3
15	äºŒ	2
12	ç¾Žå›½	2
SELECT * FROM T1_SEC_COMBINED3 WHERE C1>='a' ORDER BY C1,C2;
ID	C1	C2
1	A	1
3	a	3
4	ab	1
2	AB	2
5	B	2
6	b	3
7	cde	1
8	CDE	2
9	CDE	3
14	ä¸€	3
18	ä¸€abä¸‰	2
19	ä¸€aäºŒbä¸‰c	1
17	ä¸€äºŒä¸‰	4
16	ä¸‰	1
10	ä¸­å›½	4
11	ä¸­å›½äºº	3
15	äºŒ	2
12	ç¾Žå›½	2
13	ç¾Žå›½äºº	4
SELECT * FROM T1_SEC_COMBINED3 WHERE C1>='ab' and C2>=1 ORDER BY C1,C2;
ID	C1	C2
4	ab	1
2	AB	2
5	B	2
6	b	3
7	cde	1
8	CDE	2
9	CDE	3
14	ä¸€	3
18	ä¸€abä¸‰	2
19	ä¸€aäºŒbä¸‰c	1
17	ä¸€äºŒä¸‰	4
16	ä¸‰	1
10	ä¸­å›½	4
11	ä¸­å›½äºº	3
15	äºŒ	2
12	ç¾Žå›½	2
13	ç¾Žå›½äºº	4
SELECT * FROM T1_SEC_COMBINED3 WHERE C1>='AB' and C2>=2 ORDER BY C1,C2;
ID	C1	C2
2	AB	2
5	B	2
6	b	3
8	CDE	2
9	CDE	3
14	ä¸€	3
18	ä¸€abä¸‰	2
17	ä¸€äºŒä¸‰	4
10	ä¸­å›½	4
11	ä¸­å›½äºº	3
15	äºŒ	2
12	ç¾Žå›½	2
13	ç¾Žå›½äºº	4
SELECT * FROM T1_SEC_COMBINED3 WHERE C1<'ab' and C2<4 ORDER BY C1,C2;
ID	C1	C2
1	A	1
3	a	3
SELECT * FROM T1_SEC_COMBINED3 WHERE C1<='AB' and C2>=2 ORDER BY C1,C2;
ID	C1	C2
3	a	3
2	AB	2
SELECT * FROM T1_SEC_COMBINED3 WHERE C1>='ä¸€abäºŒ' and C2<3 ORDER BY C1,C2;
ID	C1	C2
19	ä¸€aäºŒbä¸‰c	1
16	ä¸‰	1
15	äºŒ	2
12	ç¾Žå›½	2
SELECT * FROM T1_SEC_COMBINED3 WHERE C1='ä¸€abä¸‰' ORDER BY C1,C2;
ID	C1	C2
18	ä¸€abä¸‰	2
SELECT * FROM T1_SEC_COMBINED3 WHERE C1<='ä¸€' ORDER BY C1,C2;
ID	C1	C2
1	A	1
3	a	3
4	ab	1
2	AB	2
5	B	2
6	b	3
7	cde	1
8	CDE	2
9	CDE	3
14	ä¸€	3
SELECT * FROM T1_SEC_COMBINED3 WHERE C1>='ç¾Žaå›½' and C2<3 ORDER BY C1,C2;
ID	C1	C2
12	ç¾Žå›½	2
SELECT * FROM T1_SEC_COMBINED3 ORDER BY C1 ASC, C2 ASC;
ID	C1	C2
1	A	1
3	a	3
4	ab	1
2	AB	2
5	B	2
6	b	3
7	cde	1
8	CDE	2
9	CDE	3
14	ä¸€	3
18	ä¸€abä¸‰	2
19	ä¸€aäºŒbä¸‰c	1
17	ä¸€äºŒä¸‰	4
16	ä¸‰	1
10	ä¸­å›½	4
11	ä¸­å›½äºº	3
15	äºŒ	2
12	ç¾Žå›½	2
13	ç¾Žå›½äºº	4
SELECT * FROM T1_SEC_COMBINED3 ORDER BY C1 DESC, C2 ASC;
ID	C1	C2
13	ç¾Žå›½äºº	4
12	ç¾Žå›½	2
15	äºŒ	2
11	ä¸­å›½äºº	3
10	ä¸­å›½	4
16	ä¸‰	1
17	ä¸€äºŒä¸‰	4
19	ä¸€aäºŒbä¸‰c	1
18	ä¸€abä¸‰	2
14	ä¸€	3
7	cde	1
8	CDE	2
9	CDE	3
5	B	2
6	b	3
4	ab	1
2	AB	2
1	A	1
3	a	3
SELECT * FROM T1_SEC_COMBINED3 WHERE C1>'ab' ORDER BY C1,C2 DESC;
ID	C1	C2
6	b	3
5	B	2
9	CDE	3
8	CDE	2
7	cde	1
14	ä¸€	3
18	ä¸€abä¸‰	2
19	ä¸€aäºŒbä¸‰c	1
17	ä¸€äºŒä¸‰	4
16	ä¸‰	1
10	ä¸­å›½	4
11	ä¸­å›½äºº	3
15	äºŒ	2
12	ç¾Žå›½	2
13	ç¾Žå›½äºº	4
SELECT * FROM T1_SEC_COMBINED3 WHERE C1>'ab' ORDER BY C1,C2 ASC;
ID	C1	C2
5	B	2
6	b	3
7	cde	1
8	CDE	2
9	CDE	3
14	ä¸€	3
18	ä¸€abä¸‰	2
19	ä¸€aäºŒbä¸‰c	1
17	ä¸€äºŒä¸‰	4
16	ä¸‰	1
10	ä¸­å›½	4
11	ä¸­å›½äºº	3
15	äºŒ	2
12	ç¾Žå›½	2
13	ç¾Žå›½äºº	4
CREATE TABLE T1_SEC_COMBINED_CHAR(ID INT AUTO_INCREMENT, C1 CHAR(100), C2 CHAR(100), PRIMARY KEY(ID), KEY IDX_C2C1(C2,C1)) CHARACTER SET UTF8MB4,COLLATE UTF8MB4_GENERAL_CI;
INSERT INTO T1_SEC_COMBINED_CHAR(C1,C2) VALUES('A', 'a');
INSERT INTO T1_SEC_COMBINED_CHAR(C1,C2) VALUES('AB', 'ä¸­å›½');
INSERT INTO T1_SEC_COMBINED_CHAR(C1,C2) VALUES('a', '125');
INSERT INTO T1_SEC_COMBINED_CHAR(C1,C2) VALUES('ab', 'ç¾Žå›½');
INSERT INTO T1_SEC_COMBINED_CHAR(C1,C2) VALUES('B', '123');
INSERT INTO T1_SEC_COMBINED_CHAR(C1,C2) VALUES('b', '124');
INSERT INTO T1_SEC_COMBINED_CHAR(C1,C2) VALUES('cde', 'abc');
INSERT INTO T1_SEC_COMBINED_CHAR(C1,C2) VALUES('CDE', '123');
INSERT INTO T1_SEC_COMBINED_CHAR(C1,C2) VALUES('CDE', '124');
INSERT INTO T1_SEC_COMBINED_CHAR(C1,C2) VALUES('ä¸­å›½', 'ä¸€');
INSERT INTO T1_SEC_COMBINED_CHAR(C1,C2) VALUES('ä¸­å›½äºº', 'äºŒ');
INSERT INTO T1_SEC_COMBINED_CHAR(C1,C2) VALUES('ç¾Žå›½', '124');
INSERT INTO T1_SEC_COMBINED_CHAR(C1,C2) VALUES('ç¾Žå›½äºº', '125');
INSERT INTO T1_SEC_COMBINED_CHAR(C1,C2) VALUES('ä¸€', 'ä¸­aå›½');
INSERT INTO T1_SEC_COMBINED_CHAR(C1,C2) VALUES('äºŒ', '124');
INSERT INTO T1_SEC_COMBINED_CHAR(C1,C2) VALUES('ä¸‰', '123');
INSERT INTO T1_SEC_COMBINED_CHAR(C1,C2) VALUES('ä¸€äºŒä¸‰','ä¸­aå›½bç¾Žå›½');
INSERT INTO T1_SEC_COMBINED_CHAR(C1,C2) VALUES('ä¸€abä¸‰','124');
INSERT INTO T1_SEC_COMBINED_CHAR(C1,C2) VALUES('ä¸€aäºŒbä¸‰c','123');
SELECT * FROM T1_SEC_COMBINED_CHAR WHERE C1='A' ORDER BY ID;
ID	C1	C2
1	A	a
3	a	125
SELECT * FROM T1_SEC_COMBINED_CHAR WHERE C1='a' and C2='125';
ID	C1	C2
3	a	125
SELECT * FROM T1_SEC_COMBINED_CHAR WHERE C1='AB' ORDER BY ID;
ID	C1	C2
2	AB	ä¸­å›½
4	ab	ç¾Žå›½
SELECT * FROM T1_SEC_COMBINED_CHAR WHERE C1='ab' ORDER BY ID;
ID	C1	C2
2	AB	ä¸­å›½
4	ab	ç¾Žå›½
SELECT * FROM T1_SEC_COMBINED_CHAR WHERE C1='ab' and C2='ç¾Žå›½';
ID	C1	C2
4	ab	ç¾Žå›½
SELECT * FROM T1_SEC_COMBINED_CHAR WHERE C1 in ('ABC', 'CDE', 'cde') ORDER BY ID;
ID	C1	C2
7	cde	abc
8	CDE	123
9	CDE	124
SELECT * FROM T1_SEC_COMBINED_CHAR WHERE C1>'ab' ORDER BY C2,C1;
ID	C1	C2
5	B	123
8	CDE	123
19	ä¸€aäºŒbä¸‰c	123
16	ä¸‰	123
6	b	124
9	CDE	124
18	ä¸€abä¸‰	124
15	äºŒ	124
12	ç¾Žå›½	124
13	ç¾Žå›½äºº	125
7	cde	abc
10	ä¸­å›½	ä¸€
14	ä¸€	ä¸­aå›½
17	ä¸€äºŒä¸‰	ä¸­aå›½bç¾Žå›½
11	ä¸­å›½äºº	äºŒ
SELECT * FROM T1_SEC_COMBINED_CHAR WHERE C1>'ab' and C2>'ä¸­å›½' ORDER BY C2,C1;
ID	C1	C2
11	ä¸­å›½äºº	äºŒ
SELECT * FROM T1_SEC_COMBINED_CHAR WHERE C1>'a' and C2<'124' ORDER BY C2,C1;
ID	C1	C2
5	B	123
8	CDE	123
19	ä¸€aäºŒbä¸‰c	123
16	ä¸‰	123
SELECT * FROM T1_SEC_COMBINED_CHAR WHERE C1>='a' ORDER BY C2,C1;
ID	C1	C2
5	B	123
8	CDE	123
19	ä¸€aäºŒbä¸‰c	123
16	ä¸‰	123
6	b	124
9	CDE	124
18	ä¸€abä¸‰	124
15	äºŒ	124
12	ç¾Žå›½	124
3	a	125
13	ç¾Žå›½äºº	125
1	A	a
7	cde	abc
10	ä¸­å›½	ä¸€
14	ä¸€	ä¸­aå›½
17	ä¸€äºŒä¸‰	ä¸­aå›½bç¾Žå›½
2	AB	ä¸­å›½
11	ä¸­å›½äºº	äºŒ
4	ab	ç¾Žå›½
SELECT * FROM T1_SEC_COMBINED_CHAR WHERE C1>='ab' and C2>='124' ORDER BY C2,C1;
ID	C1	C2
6	b	124
9	CDE	124
18	ä¸€abä¸‰	124
15	äºŒ	124
12	ç¾Žå›½	124
13	ç¾Žå›½äºº	125
7	cde	abc
10	ä¸­å›½	ä¸€
14	ä¸€	ä¸­aå›½
17	ä¸€äºŒä¸‰	ä¸­aå›½bç¾Žå›½
2	AB	ä¸­å›½
11	ä¸­å›½äºº	äºŒ
4	ab	ç¾Žå›½
SELECT * FROM T1_SEC_COMBINED_CHAR WHERE C1>='AB' and C2>='124' ORDER BY C2,C1;
ID	C1	C2
6	b	124
9	CDE	124
18	ä¸€abä¸‰	124
15	äºŒ	124
12	ç¾Žå›½	124
13	ç¾Žå›½äºº	125
7	cde	abc
10	ä¸­å›½	ä¸€
14	ä¸€	ä¸­aå›½
17	ä¸€äºŒä¸‰	ä¸­aå›½bç¾Žå›½
2	AB	ä¸­å›½
11	ä¸­å›½äºº	äºŒ
4	ab	ç¾Žå›½
SELECT * FROM T1_SEC_COMBINED_CHAR WHERE C1<'ab' and C2<'ç¾Žå›½' ORDER BY C2,C1;
ID	C1	C2
3	a	125
1	A	a
SELECT * FROM T1_SEC_COMBINED_CHAR WHERE C1<='AB' and C2>='124' ORDER BY C2,C1;
ID	C1	C2
3	a	125
1	A	a
2	AB	ä¸­å›½
4	ab	ç¾Žå›½
SELECT * FROM T1_SEC_COMBINED_CHAR ORDER BY C1 ASC, C2 ASC;
ID	C1	C2
3	a	125
1	A	a
2	AB	ä¸­å›½
4	ab	ç¾Žå›½
5	B	123
6	b	124
8	CDE	123
9	CDE	124
7	cde	abc
14	ä¸€	ä¸­aå›½
18	ä¸€abä¸‰	124
19	ä¸€aäºŒbä¸‰c	123
17	ä¸€äºŒä¸‰	ä¸­aå›½bç¾Žå›½
16	ä¸‰	123
10	ä¸­å›½	ä¸€
11	ä¸­å›½äºº	äºŒ
15	äºŒ	124
12	ç¾Žå›½	124
13	ç¾Žå›½äºº	125
SELECT * FROM T1_SEC_COMBINED_CHAR ORDER BY C1 DESC, C2 ASC;
ID	C1	C2
13	ç¾Žå›½äºº	125
12	ç¾Žå›½	124
15	äºŒ	124
11	ä¸­å›½äºº	äºŒ
10	ä¸­å›½	ä¸€
16	ä¸‰	123
17	ä¸€äºŒä¸‰	ä¸­aå›½bç¾Žå›½
19	ä¸€aäºŒbä¸‰c	123
18	ä¸€abä¸‰	124
14	ä¸€	ä¸­aå›½
8	CDE	123
9	CDE	124
7	cde	abc
5	B	123
6	b	124
2	AB	ä¸­å›½
4	ab	ç¾Žå›½
3	a	125
1	A	a
SELECT * FROM T1_SEC_COMBINED_CHAR WHERE C1>'ab' ORDER BY C1,C2 DESC;
ID	C1	C2
6	b	124
5	B	123
7	cde	abc
9	CDE	124
8	CDE	123
14	ä¸€	ä¸­aå›½
18	ä¸€abä¸‰	124
19	ä¸€aäºŒbä¸‰c	123
17	ä¸€äºŒä¸‰	ä¸­aå›½bç¾Žå›½
16	ä¸‰	123
10	ä¸­å›½	ä¸€
11	ä¸­å›½äºº	äºŒ
15	äºŒ	124
12	ç¾Žå›½	124
13	ç¾Žå›½äºº	125
SELECT * FROM T1_SEC_COMBINED_CHAR WHERE C1>'ab' ORDER BY C1,C2 ASC;
ID	C1	C2
5	B	123
6	b	124
8	CDE	123
9	CDE	124
7	cde	abc
14	ä¸€	ä¸­aå›½
18	ä¸€abä¸‰	124
19	ä¸€aäºŒbä¸‰c	123
17	ä¸€äºŒä¸‰	ä¸­aå›½bç¾Žå›½
16	ä¸‰	123
10	ä¸­å›½	ä¸€
11	ä¸­å›½äºº	äºŒ
15	äºŒ	124
12	ç¾Žå›½	124
13	ç¾Žå›½äºº	125
DROP TABLE T1_COLUMN;
DROP TABLE T1_TEXT;
DROP TABLE T1_PK;
DROP TABLE T1_PK_CHAR;
DROP TABLE T1_SEC;
DROP TABLE T1_SEC_CHAR;
DROP TABLE T1_UNIQUE;
DROP TABLE T1_UNIQUE_CHAR;
DROP TABLE T1_SEC_COMBINED;
DROP TABLE T1_SEC_COMBINED2;
DROP TABLE T1_SEC_COMBINED3;
DROP TABLE T1_SEC_COMBINED_CHAR;
