set names gbk;
CREATE TABLE T1_COLUMN(C1 VARCHAR(100), C2 VARCHAR(100)) CHARACTER SET GBK,COLLATE GBK_BIN;
INSERT INTO T1_COLUMN VALUES('A', '123');
INSERT INTO T1_COLUMN VALUES('AB', '123');
INSERT INTO T1_COLUMN VALUES('a', '123');
INSERT INTO T1_COLUMN VALUES('ab', '123');
INSERT INTO T1_COLUMN VALUES('B', '123');
INSERT INTO T1_COLUMN VALUES('b', '123');
INSERT INTO T1_COLUMN VALUES('cde', '123');
INSERT INTO T1_COLUMN VALUES('CDE', '123');
INSERT INTO T1_COLUMN VALUES('CDE', '123');
INSERT INTO T1_COLUMN VALUES(0xD6D0B9FA, '123');
INSERT INTO T1_COLUMN VALUES(0xD6D0, '123');
INSERT INTO T1_COLUMN VALUES(0xD6D061B9FA, '123');
SELECT * FROM T1_COLUMN WHERE C1='A';
C1	C2
A	123
SELECT * FROM T1_COLUMN WHERE C1='a';
C1	C2
a	123
SELECT * FROM T1_COLUMN WHERE C1='AB';
C1	C2
AB	123
SELECT * FROM T1_COLUMN WHERE C1='ab';
C1	C2
ab	123
SELECT * FROM T1_COLUMN WHERE C1='abc';
C1	C2
SELECT * FROM T1_COLUMN WHERE C1 in ('abc', 'AB');
C1	C2
AB	123
SELECT * FROM T1_COLUMN WHERE C1 in ('ABC', 'CDE', 'cde');
C1	C2
cde	123
CDE	123
CDE	123
SELECT * FROM T1_COLUMN WHERE C1 in (0xD6D061B9FA, 'CDE', 'cde');
C1	C2
cde	123
CDE	123
CDE	123
中a国	123
SELECT * FROM T1_COLUMN WHERE C1>'ab';
C1	C2
b	123
cde	123
中国	123
中	123
中a国	123
SELECT * FROM T1_COLUMN WHERE C1>'AB';
C1	C2
a	123
ab	123
B	123
b	123
cde	123
CDE	123
CDE	123
中国	123
中	123
中a国	123
SELECT COUNT(*) FROM T1_COLUMN WHERE C1>'ab';
COUNT(*)
5
SELECT COUNT(*) FROM T1_COLUMN WHERE C1>'AB';
COUNT(*)
10
SELECT * FROM T1_COLUMN WHERE C1>'a';
C1	C2
ab	123
b	123
cde	123
中国	123
中	123
中a国	123
SELECT * FROM T1_COLUMN WHERE C1>0xD6D061;
C1	C2
中国	123
中a国	123
SELECT * FROM T1_COLUMN WHERE C1>='a';
C1	C2
a	123
ab	123
b	123
cde	123
中国	123
中	123
中a国	123
SELECT * FROM T1_COLUMN WHERE C1>='ab';
C1	C2
ab	123
b	123
cde	123
中国	123
中	123
中a国	123
SELECT * FROM T1_COLUMN WHERE C1>='AB';
C1	C2
AB	123
a	123
ab	123
B	123
b	123
cde	123
CDE	123
CDE	123
中国	123
中	123
中a国	123
SELECT * FROM T1_COLUMN WHERE C1<'ab';
C1	C2
A	123
AB	123
a	123
B	123
CDE	123
CDE	123
SELECT * FROM T1_COLUMN WHERE C1<='AB';
C1	C2
A	123
AB	123
SELECT * FROM T1_COLUMN ORDER BY C1 ASC;
C1	C2
A	123
AB	123
B	123
CDE	123
CDE	123
a	123
ab	123
b	123
cde	123
中	123
中a国	123
中国	123
SELECT * FROM T1_COLUMN ORDER BY C1 DESC;
C1	C2
中国	123
中a国	123
中	123
cde	123
b	123
ab	123
a	123
CDE	123
CDE	123
B	123
AB	123
A	123
SELECT * FROM T1_COLUMN WHERE C1>'ab' ORDER BY C1 DESC;
C1	C2
中国	123
中a国	123
中	123
cde	123
b	123
SELECT * FROM T1_COLUMN WHERE C1>'ab' ORDER BY C1 ASC;
C1	C2
b	123
cde	123
中	123
中a国	123
中国	123
SELECT * FROM T1_COLUMN WHERE C1 LIKE 'ab%';
C1	C2
ab	123
SELECT * FROM T1_COLUMN WHERE C1 LIKE 'AB%';
C1	C2
AB	123
SELECT * FROM T1_COLUMN WHERE C1 LIKE '%c%';
C1	C2
cde	123
SELECT * FROM T1_COLUMN WHERE C1 LIKE '%CD%';
C1	C2
CDE	123
CDE	123
SELECT * FROM T1_COLUMN WHERE C1 LIKE '%CD%';
C1	C2
CDE	123
CDE	123
CREATE TABLE T1_TEXT(C1 TEXT, C2 VARCHAR(100)) CHARACTER SET GBK,COLLATE GBK_BIN;
INSERT INTO T1_TEXT VALUES('A', '123');
INSERT INTO T1_TEXT VALUES('AB', '123');
INSERT INTO T1_TEXT VALUES('a', '123');
INSERT INTO T1_TEXT VALUES('ab', '123');
INSERT INTO T1_TEXT VALUES('B', '123');
INSERT INTO T1_TEXT VALUES('b', '123');
INSERT INTO T1_TEXT VALUES('cde', '123');
INSERT INTO T1_TEXT VALUES('CDE', '123');
INSERT INTO T1_TEXT VALUES('CDE', '123');
INSERT INTO T1_TEXT VALUES('CDE', '123');
INSERT INTO T1_TEXT VALUES(0xD6D0B9FA, '123');
INSERT INTO T1_TEXT VALUES(0xD6D0, '123');
INSERT INTO T1_TEXT VALUES(0xD6D061B9FA, '123');
SELECT * FROM T1_TEXT WHERE C1='A';
C1	C2
A	123
SELECT * FROM T1_TEXT WHERE C1='a';
C1	C2
a	123
SELECT * FROM T1_TEXT WHERE C1='AB';
C1	C2
AB	123
SELECT * FROM T1_TEXT WHERE C1='ab';
C1	C2
ab	123
SELECT * FROM T1_TEXT WHERE C1='abc';
C1	C2
SELECT * FROM T1_TEXT WHERE C1 in ('abc', 'AB');
C1	C2
AB	123
SELECT * FROM T1_TEXT WHERE C1 in ('ABC', 'CDE', 'cde');
C1	C2
cde	123
CDE	123
CDE	123
CDE	123
SELECT * FROM T1_TEXT WHERE C1 in (0xD6D061B9FA, 'CDE', 'cde');
C1	C2
cde	123
CDE	123
CDE	123
CDE	123
中a国	123
SELECT * FROM T1_TEXT WHERE C1>'ab';
C1	C2
b	123
cde	123
中国	123
中	123
中a国	123
SELECT * FROM T1_TEXT WHERE C1>'AB';
C1	C2
a	123
ab	123
B	123
b	123
cde	123
CDE	123
CDE	123
CDE	123
中国	123
中	123
中a国	123
SELECT COUNT(*) FROM T1_TEXT WHERE C1>'ab';
COUNT(*)
5
SELECT COUNT(*) FROM T1_TEXT WHERE C1>'AB';
COUNT(*)
11
SELECT * FROM T1_TEXT WHERE C1>'a';
C1	C2
ab	123
b	123
cde	123
中国	123
中	123
中a国	123
SELECT * FROM T1_TEXT WHERE C1>0xD6D0;
C1	C2
中国	123
中a国	123
SELECT * FROM T1_TEXT WHERE C1>=0xD6D0;
C1	C2
中国	123
中	123
中a国	123
SELECT * FROM T1_TEXT WHERE C1<0xD6D0;
C1	C2
A	123
AB	123
a	123
ab	123
B	123
b	123
cde	123
CDE	123
CDE	123
CDE	123
SELECT * FROM T1_TEXT WHERE C1<=0xD6D0;
C1	C2
A	123
AB	123
a	123
ab	123
B	123
b	123
cde	123
CDE	123
CDE	123
CDE	123
中	123
SELECT * FROM T1_TEXT WHERE C1>='a';
C1	C2
a	123
ab	123
b	123
cde	123
中国	123
中	123
中a国	123
SELECT * FROM T1_TEXT WHERE C1>='ab';
C1	C2
ab	123
b	123
cde	123
中国	123
中	123
中a国	123
SELECT * FROM T1_TEXT WHERE C1>='AB';
C1	C2
AB	123
a	123
ab	123
B	123
b	123
cde	123
CDE	123
CDE	123
CDE	123
中国	123
中	123
中a国	123
SELECT * FROM T1_TEXT WHERE C1<'ab';
C1	C2
A	123
AB	123
a	123
B	123
CDE	123
CDE	123
CDE	123
SELECT * FROM T1_TEXT WHERE C1<='AB';
C1	C2
A	123
AB	123
SELECT * FROM T1_TEXT ORDER BY C1 ASC;
C1	C2
A	123
AB	123
B	123
CDE	123
CDE	123
CDE	123
a	123
ab	123
b	123
cde	123
中	123
中a国	123
中国	123
SELECT * FROM T1_TEXT ORDER BY C1 DESC;
C1	C2
中国	123
中a国	123
中	123
cde	123
b	123
ab	123
a	123
CDE	123
CDE	123
CDE	123
B	123
AB	123
A	123
SELECT * FROM T1_TEXT WHERE C1>'ab' ORDER BY C1 DESC;
C1	C2
中国	123
中a国	123
中	123
cde	123
b	123
SELECT * FROM T1_TEXT WHERE C1>'ab' ORDER BY C1 ASC;
C1	C2
b	123
cde	123
中	123
中a国	123
中国	123
SELECT * FROM T1_TEXT WHERE C1 LIKE 'ab%';
C1	C2
ab	123
SELECT * FROM T1_TEXT WHERE C1 LIKE 'AB%';
C1	C2
AB	123
SELECT * FROM T1_TEXT WHERE C1 LIKE '%c%';
C1	C2
cde	123
SELECT * FROM T1_TEXT WHERE C1 LIKE '%CD%';
C1	C2
CDE	123
CDE	123
CDE	123
SELECT COUNT(*) FROM T1_TEXT;
COUNT(*)
13
CREATE TABLE T1_PK(C1 VARCHAR(100), C2 VARCHAR(100), PRIMARY KEY(C1)) CHARACTER SET GBK,COLLATE GBK_BIN;
INSERT INTO T1_PK VALUES('A', '123');
INSERT INTO T1_PK VALUES('AB', '123');
INSERT INTO T1_PK VALUES('a', '123');
INSERT INTO T1_PK VALUES('ab', '123');
INSERT INTO T1_PK VALUES('b', '123');
INSERT INTO T1_PK VALUES('B', '123');
INSERT INTO T1_PK VALUES('cde', '123');
INSERT INTO T1_PK VALUES('cde', '123');
ERROR 23000: Duplicate entry 'cde' for key 'T1_PK.PRIMARY'
INSERT INTO T1_PK VALUES('CDE', '123');
INSERT INTO T1_PK VALUES(0xD6D0B9FA, '123');
INSERT INTO T1_PK VALUES(0xD6D0B9FA, '123');
ERROR 23000: Duplicate entry '中国' for key 'T1_PK.PRIMARY'
INSERT INTO T1_PK VALUES('CDE', '123');
ERROR 23000: Duplicate entry 'CDE' for key 'T1_PK.PRIMARY'
INSERT INTO T1_PK VALUES('CDE', '123');
ERROR 23000: Duplicate entry 'CDE' for key 'T1_PK.PRIMARY'
INSERT INTO T1_PK VALUES(0xD6D0, '123');
INSERT INTO T1_PK VALUES(0xD6D061B9FA, '123');
SELECT * FROM T1_PK WHERE C1='A';
C1	C2
A	123
SELECT * FROM T1_PK WHERE C1='a';
C1	C2
a	123
SELECT * FROM T1_PK WHERE C1='AB';
C1	C2
AB	123
SELECT * FROM T1_PK WHERE C1='ab';
C1	C2
ab	123
SELECT * FROM T1_PK WHERE C1='abc';
C1	C2
SELECT * FROM T1_PK WHERE C1 in ('abc', 'AB');
C1	C2
AB	123
SELECT * FROM T1_PK WHERE C1 in ('ABC', 'CDE', 'cde');
C1	C2
CDE	123
cde	123
SELECT * FROM T1_PK WHERE C1 in (0xD6D061B9FA, 'CDE', 'cde');
C1	C2
CDE	123
cde	123
中a国	123
SELECT * FROM T1_PK WHERE C1>'ab';
C1	C2
b	123
cde	123
中	123
中a国	123
中国	123
SELECT * FROM T1_PK WHERE C1>'AB';
C1	C2
B	123
CDE	123
a	123
ab	123
b	123
cde	123
中	123
中a国	123
中国	123
SELECT * FROM T1_PK WHERE C1>'a';
C1	C2
ab	123
b	123
cde	123
中	123
中a国	123
中国	123
SELECT * FROM T1_PK WHERE C1>0xD6D0;
C1	C2
中a国	123
中国	123
SELECT * FROM T1_PK WHERE C1>=0xD6D0;
C1	C2
中	123
中a国	123
中国	123
SELECT * FROM T1_PK WHERE C1>='a';
C1	C2
a	123
ab	123
b	123
cde	123
中	123
中a国	123
中国	123
SELECT * FROM T1_PK WHERE C1>='ab';
C1	C2
ab	123
b	123
cde	123
中	123
中a国	123
中国	123
SELECT * FROM T1_PK WHERE C1>='AB';
C1	C2
AB	123
B	123
CDE	123
a	123
ab	123
b	123
cde	123
中	123
中a国	123
中国	123
SELECT * FROM T1_PK WHERE C1<'ab';
C1	C2
A	123
AB	123
B	123
CDE	123
a	123
SELECT * FROM T1_PK WHERE C1<='AB';
C1	C2
A	123
AB	123
SELECT * FROM T1_PK ORDER BY C1 ASC;
C1	C2
A	123
AB	123
B	123
CDE	123
a	123
ab	123
b	123
cde	123
中	123
中a国	123
中国	123
SELECT * FROM T1_PK ORDER BY C1 DESC;
C1	C2
中国	123
中a国	123
中	123
cde	123
b	123
ab	123
a	123
CDE	123
B	123
AB	123
A	123
SELECT * FROM T1_PK WHERE C1>'ab' ORDER BY C1 DESC;
C1	C2
中国	123
中a国	123
中	123
cde	123
b	123
SELECT * FROM T1_PK WHERE C1>'ab' ORDER BY C1 ASC;
C1	C2
b	123
cde	123
中	123
中a国	123
中国	123
SELECT * FROM T1_PK WHERE C1 LIKE 'ab%';
C1	C2
ab	123
SELECT * FROM T1_PK WHERE C1 LIKE 'AB%';
C1	C2
AB	123
SELECT * FROM T1_PK WHERE C1 LIKE '%c%';
C1	C2
cde	123
SELECT * FROM T1_PK WHERE C1 LIKE '%CD%';
C1	C2
CDE	123
CREATE TABLE T1_PK_CHAR(C1 CHAR(100), C2 CHAR(100), PRIMARY KEY(C1)) CHARACTER SET GBK,COLLATE GBK_BIN;
INSERT INTO T1_PK_CHAR VALUES('A', '123');
INSERT INTO T1_PK_CHAR VALUES('AB', '123');
INSERT INTO T1_PK_CHAR VALUES('a', '123');
INSERT INTO T1_PK_CHAR VALUES('ab', '123');
INSERT INTO T1_PK_CHAR VALUES('b', '123');
INSERT INTO T1_PK_CHAR VALUES('B', '123');
INSERT INTO T1_PK_CHAR VALUES('cde', '123');
INSERT INTO T1_PK_CHAR VALUES('CDE', '123');
INSERT INTO T1_PK_CHAR VALUES('CDE', '123');
ERROR 23000: Duplicate entry 'CDE' for key 'T1_PK_CHAR.PRIMARY'
SELECT * FROM T1_PK_CHAR WHERE C1='A';
C1	C2
A	123
SELECT * FROM T1_PK_CHAR WHERE C1='a';
C1	C2
a	123
SELECT * FROM T1_PK_CHAR WHERE C1='AB';
C1	C2
AB	123
SELECT * FROM T1_PK_CHAR WHERE C1='ab';
C1	C2
ab	123
SELECT * FROM T1_PK_CHAR WHERE C1='abc';
C1	C2
SELECT * FROM T1_PK_CHAR WHERE C1 in ('abc', 'AB');
C1	C2
AB	123
SELECT * FROM T1_PK_CHAR WHERE C1 in ('ABC', 'CDE', 'cde');
C1	C2
CDE	123
cde	123
SELECT * FROM T1_PK_CHAR WHERE C1>'ab';
C1	C2
b	123
cde	123
SELECT * FROM T1_PK_CHAR WHERE C1>'AB';
C1	C2
B	123
CDE	123
a	123
ab	123
b	123
cde	123
SELECT * FROM T1_PK_CHAR WHERE C1>'a';
C1	C2
ab	123
b	123
cde	123
SELECT * FROM T1_PK_CHAR WHERE C1>='a';
C1	C2
a	123
ab	123
b	123
cde	123
SELECT * FROM T1_PK_CHAR WHERE C1>='ab';
C1	C2
ab	123
b	123
cde	123
SELECT * FROM T1_PK_CHAR WHERE C1>='AB';
C1	C2
AB	123
B	123
CDE	123
a	123
ab	123
b	123
cde	123
SELECT * FROM T1_PK_CHAR WHERE C1<'ab';
C1	C2
A	123
AB	123
B	123
CDE	123
a	123
SELECT * FROM T1_PK_CHAR WHERE C1<='AB';
C1	C2
A	123
AB	123
SELECT * FROM T1_PK_CHAR ORDER BY C1 ASC;
C1	C2
A	123
AB	123
B	123
CDE	123
a	123
ab	123
b	123
cde	123
SELECT * FROM T1_PK_CHAR ORDER BY C1 DESC;
C1	C2
cde	123
b	123
ab	123
a	123
CDE	123
B	123
AB	123
A	123
SELECT * FROM T1_PK_CHAR WHERE C1>'ab' ORDER BY C1 DESC;
C1	C2
cde	123
b	123
SELECT * FROM T1_PK_CHAR WHERE C1>'ab' ORDER BY C1 ASC;
C1	C2
b	123
cde	123
SELECT * FROM T1_PK_CHAR WHERE C1 LIKE 'a%';
C1	C2
a	123
ab	123
SELECT * FROM T1_PK_CHAR WHERE C1 LIKE 'ab%';
C1	C2
ab	123
SELECT * FROM T1_PK_CHAR WHERE C1 LIKE 'AB%';
C1	C2
AB	123
SELECT * FROM T1_PK_CHAR WHERE C1 LIKE '%c%';
C1	C2
cde	123
SELECT * FROM T1_PK_CHAR WHERE C1 LIKE '%CD%';
C1	C2
CDE	123
CREATE TABLE T1_SEC(ID INT AUTO_INCREMENT, C1 VARCHAR(100), C2 VARCHAR(100), PRIMARY KEY(ID), KEY IDX_C1(C1)) CHARACTER SET GBK,COLLATE GBK_BIN;
INSERT INTO T1_SEC(C1,C2) VALUES('A', '123');
INSERT INTO T1_SEC(C1,C2) VALUES('AB', '123');
INSERT INTO T1_SEC(C1,C2) VALUES('a', '123');
INSERT INTO T1_SEC(C1,C2) VALUES('ab', '123');
INSERT INTO T1_SEC(C1,C2) VALUES('B', '123');
INSERT INTO T1_SEC(C1,C2) VALUES('b', '123');
INSERT INTO T1_SEC(C1,C2) VALUES('cde', '123');
INSERT INTO T1_SEC(C1,C2) VALUES('CDE', '123');
INSERT INTO T1_SEC(C1,C2) VALUES('CDE', '123');
INSERT INTO T1_SEC(C1,C2) VALUES(0xD6D0B9FA, '123');
INSERT INTO T1_SEC(C1,C2) VALUES(0xD6D0B9FA, '123');
INSERT INTO T1_SEC(C1,C2) VALUES(0xD6D0, '123');
INSERT INTO T1_SEC(C1,C2) VALUES(0xD6D061B9FA, '123');
SELECT * FROM T1_SEC WHERE C1='A';
ID	C1	C2
1	A	123
SELECT * FROM T1_SEC WHERE C1='a';
ID	C1	C2
3	a	123
SELECT * FROM T1_SEC WHERE C1='AB';
ID	C1	C2
2	AB	123
SELECT * FROM T1_SEC WHERE C1='ab';
ID	C1	C2
4	ab	123
SELECT * FROM T1_SEC WHERE C1='abc';
ID	C1	C2
SELECT * FROM T1_SEC WHERE C1=0xD6D0;
ID	C1	C2
12	中	123
SELECT * FROM T1_SEC WHERE C1 in ('abc', 'AB') ORDER BY C1,ID;
ID	C1	C2
2	AB	123
SELECT * FROM T1_SEC WHERE C1 in ('0xD6D0', 'ABC', 'CDE', 'cde') ORDER BY C1,ID;
ID	C1	C2
8	CDE	123
9	CDE	123
7	cde	123
SELECT * FROM T1_SEC WHERE C1>'ab' ORDER BY C1,ID;
ID	C1	C2
6	b	123
7	cde	123
12	中	123
13	中a国	123
10	中国	123
11	中国	123
SELECT * FROM T1_SEC WHERE C1>'AB' ORDER BY C1,ID;
ID	C1	C2
5	B	123
8	CDE	123
9	CDE	123
3	a	123
4	ab	123
6	b	123
7	cde	123
12	中	123
13	中a国	123
10	中国	123
11	中国	123
SELECT * FROM T1_SEC WHERE C1>'a' ORDER BY C1,ID;
ID	C1	C2
4	ab	123
6	b	123
7	cde	123
12	中	123
13	中a国	123
10	中国	123
11	中国	123
SELECT * FROM T1_SEC WHERE C1>0xD6D0 ORDER BY C1,ID;
ID	C1	C2
13	中a国	123
10	中国	123
11	中国	123
SELECT * FROM T1_SEC WHERE C1>=0xD6D0 ORDER BY C1,ID;
ID	C1	C2
12	中	123
13	中a国	123
10	中国	123
11	中国	123
SELECT * FROM T1_SEC WHERE C1>='a' ORDER BY C1,ID;
ID	C1	C2
3	a	123
4	ab	123
6	b	123
7	cde	123
12	中	123
13	中a国	123
10	中国	123
11	中国	123
SELECT * FROM T1_SEC WHERE C1>='ab' ORDER BY C1,ID;
ID	C1	C2
4	ab	123
6	b	123
7	cde	123
12	中	123
13	中a国	123
10	中国	123
11	中国	123
SELECT * FROM T1_SEC WHERE C1>='AB' ORDER BY C1,ID;
ID	C1	C2
2	AB	123
5	B	123
8	CDE	123
9	CDE	123
3	a	123
4	ab	123
6	b	123
7	cde	123
12	中	123
13	中a国	123
10	中国	123
11	中国	123
SELECT * FROM T1_SEC WHERE C1<'ab' ORDER BY C1,ID;
ID	C1	C2
1	A	123
2	AB	123
5	B	123
8	CDE	123
9	CDE	123
3	a	123
SELECT * FROM T1_SEC WHERE C1<='AB' ORDER BY C1,ID;
ID	C1	C2
1	A	123
2	AB	123
SELECT * FROM T1_SEC WHERE C1<=0xD6D061 ORDER BY C1,ID;
ID	C1	C2
1	A	123
2	AB	123
5	B	123
8	CDE	123
9	CDE	123
3	a	123
4	ab	123
6	b	123
7	cde	123
12	中	123
SELECT * FROM T1_SEC WHERE C1<=0xD6D061B9FA ORDER BY C1,ID;
ID	C1	C2
1	A	123
2	AB	123
5	B	123
8	CDE	123
9	CDE	123
3	a	123
4	ab	123
6	b	123
7	cde	123
12	中	123
13	中a国	123
SELECT * FROM T1_SEC ORDER BY C1 ASC, ID ASC;
ID	C1	C2
1	A	123
2	AB	123
5	B	123
8	CDE	123
9	CDE	123
3	a	123
4	ab	123
6	b	123
7	cde	123
12	中	123
13	中a国	123
10	中国	123
11	中国	123
SELECT * FROM T1_SEC ORDER BY C1 DESC, ID ASC;
ID	C1	C2
10	中国	123
11	中国	123
13	中a国	123
12	中	123
7	cde	123
6	b	123
4	ab	123
3	a	123
8	CDE	123
9	CDE	123
5	B	123
2	AB	123
1	A	123
SELECT * FROM T1_SEC WHERE C1>'ab' ORDER BY C1 DESC, ID ASC;
ID	C1	C2
10	中国	123
11	中国	123
13	中a国	123
12	中	123
7	cde	123
6	b	123
SELECT * FROM T1_SEC WHERE C1>'ab' ORDER BY C1 ASC, ID ASC;
ID	C1	C2
6	b	123
7	cde	123
12	中	123
13	中a国	123
10	中国	123
11	中国	123
CREATE TABLE T1_SEC_CHAR(ID INT AUTO_INCREMENT, C1 CHAR(100), C2 CHAR(100), PRIMARY KEY(ID), KEY IDX_C1(C1)) CHARACTER SET GBK,COLLATE GBK_BIN;
INSERT INTO T1_SEC_CHAR(C1,C2) VALUES('A', '123');
INSERT INTO T1_SEC_CHAR(C1,C2) VALUES('AB', '123');
INSERT INTO T1_SEC_CHAR(C1,C2) VALUES('a', '123');
INSERT INTO T1_SEC_CHAR(C1,C2) VALUES('ab', '123');
INSERT INTO T1_SEC_CHAR(C1,C2) VALUES('B', '123');
INSERT INTO T1_SEC_CHAR(C1,C2) VALUES('b', '123');
INSERT INTO T1_SEC_CHAR(C1,C2) VALUES('cde', '123');
INSERT INTO T1_SEC_CHAR(C1,C2) VALUES('CDE', '123');
INSERT INTO T1_SEC_CHAR(C1,C2) VALUES('CDE', '123');
INSERT INTO T1_SEC_CHAR(C1,C2) VALUES(0xD6D0B9FA, '123');
INSERT INTO T1_SEC_CHAR(C1,C2) VALUES(0xD6D0B9FA, '123');
INSERT INTO T1_SEC_CHAR(C1,C2) VALUES(0xD6D0, '123');
INSERT INTO T1_SEC_CHAR(C1,C2) VALUES(0xD6D061B9FA, '123');
SELECT * FROM T1_SEC_CHAR WHERE C1='A';
ID	C1	C2
1	A	123
SELECT * FROM T1_SEC_CHAR WHERE C1='a';
ID	C1	C2
3	a	123
SELECT * FROM T1_SEC_CHAR WHERE C1='AB';
ID	C1	C2
2	AB	123
SELECT * FROM T1_SEC_CHAR WHERE C1='ab';
ID	C1	C2
4	ab	123
SELECT * FROM T1_SEC_CHAR WHERE C1='abc';
ID	C1	C2
SELECT * FROM T1_SEC_CHAR WHERE C1 in ('abc', 'AB') ORDER BY C1,ID;
ID	C1	C2
2	AB	123
SELECT * FROM T1_SEC_CHAR WHERE C1 in ('ABC', 'CDE', 'cde') ORDER BY C1,ID;
ID	C1	C2
8	CDE	123
9	CDE	123
7	cde	123
SELECT * FROM T1_SEC_CHAR WHERE C1 in (0xD6D0B9FA, 'CDE', 'cde') ORDER BY C1,ID;
ID	C1	C2
8	CDE	123
9	CDE	123
7	cde	123
10	中国	123
11	中国	123
SELECT * FROM T1_SEC_CHAR WHERE C1>'ab' ORDER BY C1,ID;
ID	C1	C2
6	b	123
7	cde	123
12	中	123
13	中a国	123
10	中国	123
11	中国	123
SELECT * FROM T1_SEC_CHAR WHERE C1>'AB' ORDER BY C1,ID;
ID	C1	C2
5	B	123
8	CDE	123
9	CDE	123
3	a	123
4	ab	123
6	b	123
7	cde	123
12	中	123
13	中a国	123
10	中国	123
11	中国	123
SELECT * FROM T1_SEC_CHAR WHERE C1>'a' ORDER BY C1,ID;
ID	C1	C2
4	ab	123
6	b	123
7	cde	123
12	中	123
13	中a国	123
10	中国	123
11	中国	123
SELECT * FROM T1_SEC_CHAR WHERE C1>0xD6D0B9FA ORDER BY C1,ID;
ID	C1	C2
SELECT * FROM T1_SEC_CHAR WHERE C1>=0xD6D0B9FA ORDER BY C1,ID;
ID	C1	C2
10	中国	123
11	中国	123
SELECT * FROM T1_SEC_CHAR WHERE C1>='a' ORDER BY C1,ID;
ID	C1	C2
3	a	123
4	ab	123
6	b	123
7	cde	123
12	中	123
13	中a国	123
10	中国	123
11	中国	123
SELECT * FROM T1_SEC_CHAR WHERE C1>='ab' ORDER BY C1,ID;
ID	C1	C2
4	ab	123
6	b	123
7	cde	123
12	中	123
13	中a国	123
10	中国	123
11	中国	123
SELECT * FROM T1_SEC_CHAR WHERE C1>='AB' ORDER BY C1,ID;
ID	C1	C2
2	AB	123
5	B	123
8	CDE	123
9	CDE	123
3	a	123
4	ab	123
6	b	123
7	cde	123
12	中	123
13	中a国	123
10	中国	123
11	中国	123
SELECT * FROM T1_SEC_CHAR WHERE C1<'ab' ORDER BY C1,ID;
ID	C1	C2
1	A	123
2	AB	123
5	B	123
8	CDE	123
9	CDE	123
3	a	123
SELECT * FROM T1_SEC_CHAR WHERE C1<='AB' ORDER BY C1,ID;
ID	C1	C2
1	A	123
2	AB	123
SELECT * FROM T1_SEC_CHAR WHERE C1<0xD6D061B9FA ORDER BY C1,ID;
ID	C1	C2
1	A	123
2	AB	123
5	B	123
8	CDE	123
9	CDE	123
3	a	123
4	ab	123
6	b	123
7	cde	123
12	中	123
SELECT * FROM T1_SEC_CHAR WHERE C1<=0xD6D061B9FA ORDER BY C1,ID;
ID	C1	C2
1	A	123
2	AB	123
5	B	123
8	CDE	123
9	CDE	123
3	a	123
4	ab	123
6	b	123
7	cde	123
12	中	123
13	中a国	123
SELECT * FROM T1_SEC_CHAR ORDER BY C1 ASC, ID ASC;
ID	C1	C2
1	A	123
2	AB	123
5	B	123
8	CDE	123
9	CDE	123
3	a	123
4	ab	123
6	b	123
7	cde	123
12	中	123
13	中a国	123
10	中国	123
11	中国	123
SELECT * FROM T1_SEC_CHAR ORDER BY C1 DESC, ID DESC;
ID	C1	C2
11	中国	123
10	中国	123
13	中a国	123
12	中	123
7	cde	123
6	b	123
4	ab	123
3	a	123
9	CDE	123
8	CDE	123
5	B	123
2	AB	123
1	A	123
SELECT * FROM T1_SEC_CHAR WHERE C1>'ab' ORDER BY C1 DESC, ID DESC;
ID	C1	C2
11	中国	123
10	中国	123
13	中a国	123
12	中	123
7	cde	123
6	b	123
SELECT * FROM T1_SEC_CHAR WHERE C1>'ab' ORDER BY C1 ASC, ID ASC;
ID	C1	C2
6	b	123
7	cde	123
12	中	123
13	中a国	123
10	中国	123
11	中国	123
CREATE TABLE T1_UNIQUE(ID INT AUTO_INCREMENT, C1 VARCHAR(100), C2 VARCHAR(100), PRIMARY KEY(ID), UNIQUE KEY IDX_C1(C1)) CHARACTER SET GBK,COLLATE GBK_BIN;
INSERT INTO T1_UNIQUE(C1,C2) VALUES('A', '123');
INSERT INTO T1_UNIQUE(C1,C2) VALUES('AB', '123');
INSERT INTO T1_UNIQUE(C1,C2) VALUES('a', '123');
INSERT INTO T1_UNIQUE(C1,C2) VALUES('ab', '123');
INSERT INTO T1_UNIQUE(C1,C2) VALUES('B', '123');
INSERT INTO T1_UNIQUE(C1,C2) VALUES('b', '123');
INSERT INTO T1_UNIQUE(C1,C2) VALUES('cde', '123');
INSERT INTO T1_UNIQUE(C1,C2) VALUES('CDE', '123');
INSERT INTO T1_UNIQUE(C1,C2) VALUES('CDE', '123');
ERROR 23000: Duplicate entry 'CDE' for key 'T1_UNIQUE.IDX_C1'
INSERT INTO T1_UNIQUE(C1,C2) VALUES(0xD6D061B9FA, '123');
INSERT INTO T1_UNIQUE(C1,C2) VALUES(0xD6D0, '123');
INSERT INTO T1_UNIQUE(C1,C2) VALUES(0xD6D061, '123');
INSERT INTO T1_UNIQUE(C1,C2) VALUES(0xD6D061, '123');
ERROR 23000: Duplicate entry '中a' for key 'T1_UNIQUE.IDX_C1'
SELECT * FROM T1_UNIQUE WHERE C1='A';
ID	C1	C2
1	A	123
SELECT * FROM T1_UNIQUE WHERE C1='a';
ID	C1	C2
3	a	123
SELECT * FROM T1_UNIQUE WHERE C1='AB';
ID	C1	C2
2	AB	123
SELECT * FROM T1_UNIQUE WHERE C1='ab';
ID	C1	C2
4	ab	123
SELECT * FROM T1_UNIQUE WHERE C1='abc';
ID	C1	C2
SELECT * FROM T1_UNIQUE WHERE C1 in ('abc', 'AB') ORDER BY C1,ID;
ID	C1	C2
2	AB	123
SELECT * FROM T1_UNIQUE WHERE C1 in ('ABC', 'CDE', 'cde') ORDER BY C1,ID;
ID	C1	C2
8	CDE	123
7	cde	123
SELECT * FROM T1_UNIQUE WHERE C1>'ab' ORDER BY C1,ID;
ID	C1	C2
6	b	123
7	cde	123
11	中	123
12	中a	123
10	中a国	123
SELECT * FROM T1_UNIQUE WHERE C1>'AB' ORDER BY C1,ID;
ID	C1	C2
5	B	123
8	CDE	123
3	a	123
4	ab	123
6	b	123
7	cde	123
11	中	123
12	中a	123
10	中a国	123
SELECT * FROM T1_UNIQUE WHERE C1>'a' ORDER BY C1,ID;
ID	C1	C2
4	ab	123
6	b	123
7	cde	123
11	中	123
12	中a	123
10	中a国	123
SELECT * FROM T1_UNIQUE WHERE C1>0xD6D061 ORDER BY C1,ID;
ID	C1	C2
10	中a国	123
SELECT * FROM T1_UNIQUE WHERE C1>=0xD6D061 ORDER BY C1,ID;
ID	C1	C2
12	中a	123
10	中a国	123
SELECT * FROM T1_UNIQUE WHERE C1>='a' ORDER BY C1,ID;
ID	C1	C2
3	a	123
4	ab	123
6	b	123
7	cde	123
11	中	123
12	中a	123
10	中a国	123
SELECT * FROM T1_UNIQUE WHERE C1>='ab' ORDER BY C1,ID;
ID	C1	C2
4	ab	123
6	b	123
7	cde	123
11	中	123
12	中a	123
10	中a国	123
SELECT * FROM T1_UNIQUE WHERE C1>='AB' ORDER BY C1,ID;
ID	C1	C2
2	AB	123
5	B	123
8	CDE	123
3	a	123
4	ab	123
6	b	123
7	cde	123
11	中	123
12	中a	123
10	中a国	123
SELECT * FROM T1_UNIQUE WHERE C1<'ab' ORDER BY C1,ID;
ID	C1	C2
1	A	123
2	AB	123
5	B	123
8	CDE	123
3	a	123
SELECT * FROM T1_UNIQUE WHERE C1<='AB' ORDER BY C1,ID;
ID	C1	C2
1	A	123
2	AB	123
SELECT * FROM T1_UNIQUE WHERE C1<0xD6D061 ORDER BY C1,ID;
ID	C1	C2
1	A	123
2	AB	123
5	B	123
8	CDE	123
3	a	123
4	ab	123
6	b	123
7	cde	123
11	中	123
SELECT * FROM T1_UNIQUE WHERE C1<=0xD6D061 ORDER BY C1,ID;
ID	C1	C2
1	A	123
2	AB	123
5	B	123
8	CDE	123
3	a	123
4	ab	123
6	b	123
7	cde	123
11	中	123
12	中a	123
SELECT * FROM T1_UNIQUE ORDER BY C1 ASC, ID ASC;
ID	C1	C2
1	A	123
2	AB	123
5	B	123
8	CDE	123
3	a	123
4	ab	123
6	b	123
7	cde	123
11	中	123
12	中a	123
10	中a国	123
SELECT * FROM T1_UNIQUE ORDER BY C1 DESC, ID DESC;
ID	C1	C2
10	中a国	123
12	中a	123
11	中	123
7	cde	123
6	b	123
4	ab	123
3	a	123
8	CDE	123
5	B	123
2	AB	123
1	A	123
SELECT * FROM T1_UNIQUE WHERE C1>'ab' ORDER BY C1 DESC, ID DESC;
ID	C1	C2
10	中a国	123
12	中a	123
11	中	123
7	cde	123
6	b	123
SELECT * FROM T1_UNIQUE WHERE C1>'ab' ORDER BY C1 ASC, ID ASC;
ID	C1	C2
6	b	123
7	cde	123
11	中	123
12	中a	123
10	中a国	123
CREATE TABLE T1_UNIQUE_CHAR(ID INT AUTO_INCREMENT, C1 CHAR(100), C2 CHAR(100), PRIMARY KEY(ID), UNIQUE KEY IDX_C1(C1)) CHARACTER SET GBK,COLLATE GBK_BIN;
INSERT INTO T1_UNIQUE_CHAR(C1,C2) VALUES('A', '123');
INSERT INTO T1_UNIQUE_CHAR(C1,C2) VALUES('AB', '123');
INSERT INTO T1_UNIQUE_CHAR(C1,C2) VALUES('a', '123');
INSERT INTO T1_UNIQUE_CHAR(C1,C2) VALUES('ab', '123');
INSERT INTO T1_UNIQUE_CHAR(C1,C2) VALUES('B', '123');
INSERT INTO T1_UNIQUE_CHAR(C1,C2) VALUES('b', '123');
INSERT INTO T1_UNIQUE_CHAR(C1,C2) VALUES('cde', '123');
INSERT INTO T1_UNIQUE_CHAR(C1,C2) VALUES('CDE', '123');
INSERT INTO T1_UNIQUE_CHAR(C1,C2) VALUES('CDE', '123');
ERROR 23000: Duplicate entry 'CDE' for key 'T1_UNIQUE_CHAR.IDX_C1'
INSERT INTO T1_UNIQUE_CHAR(C1,C2) VALUES(0xD6D061B9FA, '123');
INSERT INTO T1_UNIQUE_CHAR(C1,C2) VALUES(0xD6D0, '123');
INSERT INTO T1_UNIQUE_CHAR(C1,C2) VALUES(0xD6D061, '123');
INSERT INTO T1_UNIQUE_CHAR(C1,C2) VALUES(0xD6D061, '123');
ERROR 23000: Duplicate entry '中a' for key 'T1_UNIQUE_CHAR.IDX_C1'
SELECT * FROM T1_UNIQUE_CHAR WHERE C1='A';
ID	C1	C2
1	A	123
SELECT * FROM T1_UNIQUE_CHAR WHERE C1='a';
ID	C1	C2
3	a	123
SELECT * FROM T1_UNIQUE_CHAR WHERE C1='AB';
ID	C1	C2
2	AB	123
SELECT * FROM T1_UNIQUE_CHAR WHERE C1='ab';
ID	C1	C2
4	ab	123
SELECT * FROM T1_UNIQUE_CHAR WHERE C1='abc';
ID	C1	C2
SELECT * FROM T1_UNIQUE_CHAR WHERE C1 in ('abc', 'AB') ORDER BY C1,ID;
ID	C1	C2
2	AB	123
SELECT * FROM T1_UNIQUE_CHAR WHERE C1 in ('ABC', 'CDE', 'cde') ORDER BY C1,ID;
ID	C1	C2
8	CDE	123
7	cde	123
SELECT * FROM T1_UNIQUE_CHAR WHERE C1>'ab' ORDER BY C1,ID;
ID	C1	C2
6	b	123
7	cde	123
11	中	123
12	中a	123
10	中a国	123
SELECT * FROM T1_UNIQUE_CHAR WHERE C1>'AB' ORDER BY C1,ID;
ID	C1	C2
5	B	123
8	CDE	123
3	a	123
4	ab	123
6	b	123
7	cde	123
11	中	123
12	中a	123
10	中a国	123
SELECT * FROM T1_UNIQUE_CHAR WHERE C1>'a' ORDER BY C1,ID;
ID	C1	C2
4	ab	123
6	b	123
7	cde	123
11	中	123
12	中a	123
10	中a国	123
SELECT * FROM T1_UNIQUE_CHAR WHERE C1>0xD6D0 ORDER BY C1,ID;
ID	C1	C2
12	中a	123
10	中a国	123
SELECT * FROM T1_UNIQUE_CHAR WHERE C1>=0xD6D0 ORDER BY C1,ID;
ID	C1	C2
11	中	123
12	中a	123
10	中a国	123
SELECT * FROM T1_UNIQUE_CHAR WHERE C1>='a' ORDER BY C1,ID;
ID	C1	C2
3	a	123
4	ab	123
6	b	123
7	cde	123
11	中	123
12	中a	123
10	中a国	123
SELECT * FROM T1_UNIQUE_CHAR WHERE C1>='ab' ORDER BY C1,ID;
ID	C1	C2
4	ab	123
6	b	123
7	cde	123
11	中	123
12	中a	123
10	中a国	123
SELECT * FROM T1_UNIQUE_CHAR WHERE C1>='AB' ORDER BY C1,ID;
ID	C1	C2
2	AB	123
5	B	123
8	CDE	123
3	a	123
4	ab	123
6	b	123
7	cde	123
11	中	123
12	中a	123
10	中a国	123
SELECT * FROM T1_UNIQUE_CHAR WHERE C1<'ab' ORDER BY C1,ID;
ID	C1	C2
1	A	123
2	AB	123
5	B	123
8	CDE	123
3	a	123
SELECT * FROM T1_UNIQUE_CHAR WHERE C1<='AB' ORDER BY C1,ID;
ID	C1	C2
1	A	123
2	AB	123
SELECT * FROM T1_UNIQUE_CHAR WHERE C1<0xD6D061B9FA ORDER BY C1,ID;
ID	C1	C2
1	A	123
2	AB	123
5	B	123
8	CDE	123
3	a	123
4	ab	123
6	b	123
7	cde	123
11	中	123
12	中a	123
SELECT * FROM T1_UNIQUE_CHAR WHERE C1<=0xD6D061B9FA ORDER BY C1,ID;
ID	C1	C2
1	A	123
2	AB	123
5	B	123
8	CDE	123
3	a	123
4	ab	123
6	b	123
7	cde	123
11	中	123
12	中a	123
10	中a国	123
SELECT * FROM T1_UNIQUE_CHAR ORDER BY C1 ASC, ID ASC;
ID	C1	C2
1	A	123
2	AB	123
5	B	123
8	CDE	123
3	a	123
4	ab	123
6	b	123
7	cde	123
11	中	123
12	中a	123
10	中a国	123
SELECT * FROM T1_UNIQUE_CHAR ORDER BY C1 DESC, ID DESC;
ID	C1	C2
10	中a国	123
12	中a	123
11	中	123
7	cde	123
6	b	123
4	ab	123
3	a	123
8	CDE	123
5	B	123
2	AB	123
1	A	123
SELECT * FROM T1_UNIQUE_CHAR WHERE C1>'ab' ORDER BY C1 DESC, ID DESC;
ID	C1	C2
10	中a国	123
12	中a	123
11	中	123
7	cde	123
6	b	123
SELECT * FROM T1_UNIQUE_CHAR WHERE C1>'ab' ORDER BY C1 ASC, ID ASC;
ID	C1	C2
6	b	123
7	cde	123
11	中	123
12	中a	123
10	中a国	123
CREATE TABLE T1_SEC_COMBINED(ID INT AUTO_INCREMENT, C1 VARCHAR(100), C2 VARCHAR(100), PRIMARY KEY(ID), KEY IDX_C1C2(C1,C2)) CHARACTER SET GBK,COLLATE GBK_BIN;
INSERT INTO T1_SEC_COMBINED(C1,C2) VALUES('A', 'a');
INSERT INTO T1_SEC_COMBINED(C1,C2) VALUES(0xD6D061B9FA, 0xD6D061B9FA);
INSERT INTO T1_SEC_COMBINED(C1,C2) VALUES(0xD6D0, 0xD6D061B9FA);
INSERT INTO T1_SEC_COMBINED(C1,C2) VALUES(0xD6D0, 0xD6D061B9FA);
INSERT INTO T1_SEC_COMBINED(C1,C2) VALUES(0xD6D0, 0xD6D061B9FA);
INSERT INTO T1_SEC_COMBINED(C1,C2) VALUES('A', 'a');
INSERT INTO T1_SEC_COMBINED(C1,C2) VALUES('A', 'a');
SELECT * FROM T1_SEC_COMBINED WHERE C1='A';
ID	C1	C2
1	A	a
6	A	a
7	A	a
SELECT * FROM T1_SEC_COMBINED WHERE C1='a' and C2='125';
ID	C1	C2
SELECT * FROM T1_SEC_COMBINED WHERE C1='AB';
ID	C1	C2
SELECT * FROM T1_SEC_COMBINED WHERE C1='ab';
ID	C1	C2
SELECT * FROM T1_SEC_COMBINED WHERE C1 in ('ABC', 'CDE', 'cde') ORDER BY C1,ID;
ID	C1	C2
SELECT * FROM T1_SEC_COMBINED WHERE C1 in (0xD6D0, 'ABC', 'CDE', 'cde') ORDER BY C1,ID;
ID	C1	C2
3	中	中a国
4	中	中a国
5	中	中a国
SELECT * FROM T1_SEC_COMBINED WHERE C1=0xD6D0 and C2=0xD6D061B9FA ORDER BY C1,ID;
ID	C1	C2
3	中	中a国
4	中	中a国
5	中	中a国
SELECT * FROM T1_SEC_COMBINED ORDER BY C1 ASC, C2 ASC, ID ASC;
ID	C1	C2
1	A	a
6	A	a
7	A	a
3	中	中a国
4	中	中a国
5	中	中a国
2	中a国	中a国
SELECT * FROM T1_SEC_COMBINED ORDER BY C1 DESC, C2 ASC, ID ASC;
ID	C1	C2
2	中a国	中a国
3	中	中a国
4	中	中a国
5	中	中a国
1	A	a
6	A	a
7	A	a
SELECT * FROM T1_SEC_COMBINED WHERE C1>'ab' ORDER BY C1,C2,ID DESC;
ID	C1	C2
5	中	中a国
4	中	中a国
3	中	中a国
2	中a国	中a国
SELECT * FROM T1_SEC_COMBINED WHERE C1>'ab' ORDER BY C1,C2,ID ASC;
ID	C1	C2
3	中	中a国
4	中	中a国
5	中	中a国
2	中a国	中a国
CREATE TABLE T1_SEC_COMBINED2(ID INT AUTO_INCREMENT, C1 INT, C2 VARCHAR(100), PRIMARY KEY(ID), KEY IDX_C1C2(C1,C2)) CHARACTER SET GBK, COLLATE GBK_BIN;
INSERT INTO T1_SEC_COMBINED2(C1,C2) VALUES(1, 0xD6D061B9FA);
INSERT INTO T1_SEC_COMBINED2(C1,C2) VALUES(1, 0xD6D061B9FA);
INSERT INTO T1_SEC_COMBINED2(C1,C2) VALUES(2, 0xD6D061);
INSERT INTO T1_SEC_COMBINED2(C1,C2) VALUES(3, 0xD6D061B9FA);
INSERT INTO T1_SEC_COMBINED2(C1,C2) VALUES(2, 0xD6D062B9FA);
INSERT INTO T1_SEC_COMBINED2(C1,C2) VALUES(3, 0xD6D063B9FA);
INSERT INTO T1_SEC_COMBINED2(C1,C2) VALUES(2, 0xD6D061B9FA);
INSERT INTO T1_SEC_COMBINED2(C1,C2) VALUES(2, 0xD6D062B9FA);
INSERT INTO T1_SEC_COMBINED2(C1,C2) VALUES(3, 0xD6D063B9FA);
INSERT INTO T1_SEC_COMBINED2(C1,C2) VALUES(2, 0xD6D0);
INSERT INTO T1_SEC_COMBINED2(C1,C2) VALUES(1, 0xD6D061B9FA);
INSERT INTO T1_SEC_COMBINED2(C1,C2) VALUES(4, 0xD6D063B9FA);
INSERT INTO T1_SEC_COMBINED2(C1,C2) VALUES(1, 0xD6D064B9FA);
INSERT INTO T1_SEC_COMBINED2(C1,C2) VALUES(2, 0xD6D065B9FA);
INSERT INTO T1_SEC_COMBINED2(C1,C2) VALUES(3, 0xD6D064B9FA);
INSERT INTO T1_SEC_COMBINED2(C1,C2) VALUES(1, 0xD6D065B9FA);
INSERT INTO T1_SEC_COMBINED2(C1,C2) VALUES(2, 0xD6D066B9FA);
INSERT INTO T1_SEC_COMBINED2(C1,C2) VALUES(3, 0xD6D061B9FA);
INSERT INTO T1_SEC_COMBINED2(C1,C2) VALUES(1, 0xD6D061);
SELECT * FROM T1_SEC_COMBINED2 WHERE C1=1;
ID	C1	C2
19	1	中a
1	1	中a国
2	1	中a国
11	1	中a国
13	1	中d国
16	1	中e国
SELECT * FROM T1_SEC_COMBINED2 WHERE C1=2 and C2=0xD6D061B9FA;
ID	C1	C2
7	2	中a国
SELECT * FROM T1_SEC_COMBINED2 WHERE C1=2;
ID	C1	C2
10	2	中
3	2	中a
7	2	中a国
5	2	中b国
8	2	中b国
14	2	中e国
17	2	中f国
SELECT * FROM T1_SEC_COMBINED2 WHERE C1=3;
ID	C1	C2
4	3	中a国
18	3	中a国
6	3	中c国
9	3	中c国
15	3	中d国
SELECT * FROM T1_SEC_COMBINED2 WHERE C1=1 and C2=0xD6D061;
ID	C1	C2
19	1	中a
SELECT * FROM T1_SEC_COMBINED2 WHERE C1 in (1, 3, 4) ORDER BY C1,ID;
ID	C1	C2
1	1	中a国
2	1	中a国
11	1	中a国
13	1	中d国
16	1	中e国
19	1	中a
4	3	中a国
6	3	中c国
9	3	中c国
15	3	中d国
18	3	中a国
12	4	中c国
SELECT * FROM T1_SEC_COMBINED2 WHERE C1>1 ORDER BY C1,ID;
ID	C1	C2
3	2	中a
5	2	中b国
7	2	中a国
8	2	中b国
10	2	中
14	2	中e国
17	2	中f国
4	3	中a国
6	3	中c国
9	3	中c国
15	3	中d国
18	3	中a国
12	4	中c国
SELECT * FROM T1_SEC_COMBINED2 WHERE C1>1 and C2>0xD6D061 ORDER BY C1,ID;
ID	C1	C2
5	2	中b国
7	2	中a国
8	2	中b国
14	2	中e国
17	2	中f国
4	3	中a国
6	3	中c国
9	3	中c国
15	3	中d国
18	3	中a国
12	4	中c国
SELECT * FROM T1_SEC_COMBINED2 WHERE C1>2 and C2<0xD6D061B9FA ORDER BY C1,ID;
ID	C1	C2
SELECT * FROM T1_SEC_COMBINED2 WHERE C1>=2 ORDER BY C1,ID;
ID	C1	C2
3	2	中a
5	2	中b国
7	2	中a国
8	2	中b国
10	2	中
14	2	中e国
17	2	中f国
4	3	中a国
6	3	中c国
9	3	中c国
15	3	中d国
18	3	中a国
12	4	中c国
SELECT * FROM T1_SEC_COMBINED2 WHERE C1>=2 and C2>=0xD6D061 ORDER BY C1,ID;
ID	C1	C2
3	2	中a
5	2	中b国
7	2	中a国
8	2	中b国
14	2	中e国
17	2	中f国
4	3	中a国
6	3	中c国
9	3	中c国
15	3	中d国
18	3	中a国
12	4	中c国
SELECT * FROM T1_SEC_COMBINED2 WHERE C1>=2 and C2>=0xD6D061B9FA ORDER BY C1,ID;
ID	C1	C2
5	2	中b国
7	2	中a国
8	2	中b国
14	2	中e国
17	2	中f国
4	3	中a国
6	3	中c国
9	3	中c国
15	3	中d国
18	3	中a国
12	4	中c国
SELECT * FROM T1_SEC_COMBINED2 WHERE C1<3 and C2<0xD6D061B9FA ORDER BY C1,ID;
ID	C1	C2
19	1	中a
3	2	中a
10	2	中
SELECT * FROM T1_SEC_COMBINED2 WHERE C1<=2 and C2>=0xD6D061B9FA ORDER BY C1,ID;
ID	C1	C2
1	1	中a国
2	1	中a国
11	1	中a国
13	1	中d国
16	1	中e国
5	2	中b国
7	2	中a国
8	2	中b国
14	2	中e国
17	2	中f国
SELECT * FROM T1_SEC_COMBINED2 WHERE C1>=1 and C2<0xD6D061B9FA ORDER BY C1,ID;
ID	C1	C2
19	1	中a
3	2	中a
10	2	中
SELECT * FROM T1_SEC_COMBINED2 WHERE C1=1 ORDER BY C1,ID;
ID	C1	C2
1	1	中a国
2	1	中a国
11	1	中a国
13	1	中d国
16	1	中e国
19	1	中a
SELECT * FROM T1_SEC_COMBINED2 WHERE C1<=2 ORDER BY C1,ID;
ID	C1	C2
1	1	中a国
2	1	中a国
11	1	中a国
13	1	中d国
16	1	中e国
19	1	中a
3	2	中a
5	2	中b国
7	2	中a国
8	2	中b国
10	2	中
14	2	中e国
17	2	中f国
SELECT * FROM T1_SEC_COMBINED2 WHERE C1>=2 and C2<0xD6D061 ORDER BY C1,ID;
ID	C1	C2
10	2	中
SELECT * FROM T1_SEC_COMBINED2 ORDER BY C1 ASC, C2 ASC, ID ASC;
ID	C1	C2
19	1	中a
1	1	中a国
2	1	中a国
11	1	中a国
13	1	中d国
16	1	中e国
10	2	中
3	2	中a
7	2	中a国
5	2	中b国
8	2	中b国
14	2	中e国
17	2	中f国
4	3	中a国
18	3	中a国
6	3	中c国
9	3	中c国
15	3	中d国
12	4	中c国
SELECT * FROM T1_SEC_COMBINED2 ORDER BY C1 DESC, C2 ASC, ID ASC;
ID	C1	C2
12	4	中c国
4	3	中a国
18	3	中a国
6	3	中c国
9	3	中c国
15	3	中d国
10	2	中
3	2	中a
7	2	中a国
5	2	中b国
8	2	中b国
14	2	中e国
17	2	中f国
19	1	中a
1	1	中a国
2	1	中a国
11	1	中a国
13	1	中d国
16	1	中e国
SELECT * FROM T1_SEC_COMBINED2 WHERE C1>1 ORDER BY C1,C2,ID DESC;
ID	C1	C2
10	2	中
3	2	中a
7	2	中a国
8	2	中b国
5	2	中b国
14	2	中e国
17	2	中f国
18	3	中a国
4	3	中a国
9	3	中c国
6	3	中c国
15	3	中d国
12	4	中c国
SELECT * FROM T1_SEC_COMBINED2 WHERE C1>1 ORDER BY C1,C2,ID ASC;
ID	C1	C2
10	2	中
3	2	中a
7	2	中a国
5	2	中b国
8	2	中b国
14	2	中e国
17	2	中f国
4	3	中a国
18	3	中a国
6	3	中c国
9	3	中c国
15	3	中d国
12	4	中c国
CREATE TABLE T1_SEC_COMBINED3(ID INT AUTO_INCREMENT, C1 VARCHAR(100), C2 INT, PRIMARY KEY(ID), KEY IDX_C1C2(C1,C2)) CHARACTER SET GBK, COLLATE GBK_BIN;
INSERT INTO T1_SEC_COMBINED3(C1,C2) VALUES('A', 1);
INSERT INTO T1_SEC_COMBINED3(C1,C2) VALUES('AB', 2);
INSERT INTO T1_SEC_COMBINED3(C1,C2) VALUES('a', 3);
INSERT INTO T1_SEC_COMBINED3(C1,C2) VALUES('ab', 1);
INSERT INTO T1_SEC_COMBINED3(C1,C2) VALUES('B', 2);
INSERT INTO T1_SEC_COMBINED3(C1,C2) VALUES('b', 3);
INSERT INTO T1_SEC_COMBINED3(C1,C2) VALUES('cde', 1);
INSERT INTO T1_SEC_COMBINED3(C1,C2) VALUES('CDE', 2);
INSERT INTO T1_SEC_COMBINED3(C1,C2) VALUES('CDE', 3);
INSERT INTO T1_SEC_COMBINED3(C1,C2) VALUES(0xD6D061B9FA, 4);
INSERT INTO T1_SEC_COMBINED3(C1,C2) VALUES(0xD6D061B9FA, 3);
INSERT INTO T1_SEC_COMBINED3(C1,C2) VALUES(0xD6D061, 2);
INSERT INTO T1_SEC_COMBINED3(C1,C2) VALUES(0xD6D0, 4);
INSERT INTO T1_SEC_COMBINED3(C1,C2) VALUES(0xD6D061B9FA, 3);
INSERT INTO T1_SEC_COMBINED3(C1,C2) VALUES(0xD6D062B9FA, 2);
INSERT INTO T1_SEC_COMBINED3(C1,C2) VALUES(0xD6D063B9FA, 1);
INSERT INTO T1_SEC_COMBINED3(C1,C2) VALUES(0xD6D061B9FAD6D061B9FA, 4);
INSERT INTO T1_SEC_COMBINED3(C1,C2) VALUES(0xD6D061B9FA, 2);
INSERT INTO T1_SEC_COMBINED3(C1,C2) VALUES(0xD6D061B9FAD6D061B9FAD6D061B9FA,1);
SELECT * FROM T1_SEC_COMBINED3 WHERE C1='A';
ID	C1	C2
1	A	1
SELECT * FROM T1_SEC_COMBINED3 WHERE C1='a' and C2=1;
ID	C1	C2
SELECT * FROM T1_SEC_COMBINED3 WHERE C1='AB';
ID	C1	C2
2	AB	2
SELECT * FROM T1_SEC_COMBINED3 WHERE C1='ab';
ID	C1	C2
4	ab	1
SELECT * FROM T1_SEC_COMBINED3 WHERE C1='ab' and C2=2;
ID	C1	C2
SELECT * FROM T1_SEC_COMBINED3 WHERE C1 in ('ABC', 'CDE', 'cde') ORDER BY C1,ID;
ID	C1	C2
8	CDE	2
9	CDE	3
7	cde	1
SELECT * FROM T1_SEC_COMBINED3 WHERE C1>'ab' ORDER BY C1,ID;
ID	C1	C2
6	b	3
7	cde	1
13	中	4
12	中a	2
10	中a国	4
11	中a国	3
14	中a国	3
18	中a国	2
17	中a国中a国	4
19	中a国中a国中a国	1
15	中b国	2
16	中c国	1
SELECT * FROM T1_SEC_COMBINED3 WHERE C1>'ab' and C2>1 ORDER BY C1,ID;
ID	C1	C2
6	b	3
13	中	4
12	中a	2
10	中a国	4
11	中a国	3
14	中a国	3
18	中a国	2
17	中a国中a国	4
15	中b国	2
SELECT * FROM T1_SEC_COMBINED3 WHERE C1>'a' and C2<4 ORDER BY C1,ID;
ID	C1	C2
4	ab	1
6	b	3
7	cde	1
12	中a	2
11	中a国	3
14	中a国	3
18	中a国	2
19	中a国中a国中a国	1
15	中b国	2
16	中c国	1
SELECT * FROM T1_SEC_COMBINED3 WHERE C1>='a' ORDER BY C1,ID;
ID	C1	C2
3	a	3
4	ab	1
6	b	3
7	cde	1
13	中	4
12	中a	2
10	中a国	4
11	中a国	3
14	中a国	3
18	中a国	2
17	中a国中a国	4
19	中a国中a国中a国	1
15	中b国	2
16	中c国	1
SELECT * FROM T1_SEC_COMBINED3 WHERE C1>='ab' and C2>=1 ORDER BY C1,ID;
ID	C1	C2
4	ab	1
6	b	3
7	cde	1
13	中	4
12	中a	2
10	中a国	4
11	中a国	3
14	中a国	3
18	中a国	2
17	中a国中a国	4
19	中a国中a国中a国	1
15	中b国	2
16	中c国	1
SELECT * FROM T1_SEC_COMBINED3 WHERE C1>='AB' and C2>=2 ORDER BY C1,ID;
ID	C1	C2
2	AB	2
5	B	2
8	CDE	2
9	CDE	3
3	a	3
6	b	3
13	中	4
12	中a	2
10	中a国	4
11	中a国	3
14	中a国	3
18	中a国	2
17	中a国中a国	4
15	中b国	2
SELECT * FROM T1_SEC_COMBINED3 WHERE C1<'ab' and C2<4 ORDER BY C1,ID;
ID	C1	C2
1	A	1
2	AB	2
5	B	2
8	CDE	2
9	CDE	3
3	a	3
SELECT * FROM T1_SEC_COMBINED3 WHERE C1<='AB' and C2>=2 ORDER BY C1,ID;
ID	C1	C2
2	AB	2
SELECT * FROM T1_SEC_COMBINED3 WHERE C1>=0xD6D061B9FA and C2<3 ORDER BY C1,ID;
ID	C1	C2
18	中a国	2
19	中a国中a国中a国	1
15	中b国	2
16	中c国	1
SELECT * FROM T1_SEC_COMBINED3 WHERE C1=0xD6D061B9FA ORDER BY C1,ID;
ID	C1	C2
10	中a国	4
11	中a国	3
14	中a国	3
18	中a国	2
SELECT * FROM T1_SEC_COMBINED3 WHERE C1<=0xD6D061B9FAD6D061B9FA ORDER BY C1,ID;
ID	C1	C2
1	A	1
2	AB	2
5	B	2
8	CDE	2
9	CDE	3
3	a	3
4	ab	1
6	b	3
7	cde	1
13	中	4
12	中a	2
10	中a国	4
11	中a国	3
14	中a国	3
18	中a国	2
17	中a国中a国	4
SELECT * FROM T1_SEC_COMBINED3 WHERE C1>=0xD6D061B9FA and C2<3 ORDER BY C1,ID;
ID	C1	C2
18	中a国	2
19	中a国中a国中a国	1
15	中b国	2
16	中c国	1
SELECT * FROM T1_SEC_COMBINED3 ORDER BY C1 ASC, C2 ASC, ID ASC;
ID	C1	C2
1	A	1
2	AB	2
5	B	2
8	CDE	2
9	CDE	3
3	a	3
4	ab	1
6	b	3
7	cde	1
13	中	4
12	中a	2
18	中a国	2
11	中a国	3
14	中a国	3
10	中a国	4
17	中a国中a国	4
19	中a国中a国中a国	1
15	中b国	2
16	中c国	1
SELECT * FROM T1_SEC_COMBINED3 ORDER BY C1 DESC, C2 ASC, ID ASC;
ID	C1	C2
16	中c国	1
15	中b国	2
19	中a国中a国中a国	1
17	中a国中a国	4
18	中a国	2
11	中a国	3
14	中a国	3
10	中a国	4
12	中a	2
13	中	4
7	cde	1
6	b	3
4	ab	1
3	a	3
8	CDE	2
9	CDE	3
5	B	2
2	AB	2
1	A	1
SELECT * FROM T1_SEC_COMBINED3 WHERE C1>'ab' ORDER BY C1,C2,ID DESC;
ID	C1	C2
6	b	3
7	cde	1
13	中	4
12	中a	2
18	中a国	2
14	中a国	3
11	中a国	3
10	中a国	4
17	中a国中a国	4
19	中a国中a国中a国	1
15	中b国	2
16	中c国	1
SELECT * FROM T1_SEC_COMBINED3 WHERE C1>'ab' ORDER BY C1,C2,ID ASC;
ID	C1	C2
6	b	3
7	cde	1
13	中	4
12	中a	2
18	中a国	2
11	中a国	3
14	中a国	3
10	中a国	4
17	中a国中a国	4
19	中a国中a国中a国	1
15	中b国	2
16	中c国	1
CREATE TABLE T1_SEC_COMBINED_CHAR(ID INT AUTO_INCREMENT, C1 CHAR(100), C2 CHAR(100), PRIMARY KEY(ID), KEY IDX_C2C1(C2,C1)) CHARACTER SET GBK,COLLATE GBK_BIN;
INSERT INTO T1_SEC_COMBINED_CHAR(C1,C2) VALUES('A', 'a');
INSERT INTO T1_SEC_COMBINED_CHAR(C1,C2) VALUES('AB', 'a');
INSERT INTO T1_SEC_COMBINED_CHAR(C1,C2) VALUES(0xD6D0, 0xD6D061B9FA);
INSERT INTO T1_SEC_COMBINED_CHAR(C1,C2) VALUES(0xD6D0, 0xD6D061B9FA);
INSERT INTO T1_SEC_COMBINED_CHAR(C1,C2) VALUES(0xD6D0, 0xD6D061B9FA);
INSERT INTO T1_SEC_COMBINED_CHAR(C1,C2) VALUES(0xD6D0, 0xD6D061B9FA);
SELECT * FROM T1_SEC_COMBINED_CHAR WHERE C1='A';
ID	C1	C2
1	A	a
SELECT * FROM T1_SEC_COMBINED_CHAR WHERE C1='a' and C2='125';
ID	C1	C2
SELECT * FROM T1_SEC_COMBINED_CHAR WHERE C1='AB';
ID	C1	C2
2	AB	a
SELECT * FROM T1_SEC_COMBINED_CHAR WHERE C1='ab';
ID	C1	C2
SELECT * FROM T1_SEC_COMBINED_CHAR WHERE C1>'ab' ORDER BY C1,ID;
ID	C1	C2
3	中	中a国
4	中	中a国
5	中	中a国
6	中	中a国
SELECT * FROM T1_SEC_COMBINED_CHAR ORDER BY C1 ASC, C2 ASC, ID ASC;
ID	C1	C2
1	A	a
2	AB	a
3	中	中a国
4	中	中a国
5	中	中a国
6	中	中a国
SELECT * FROM T1_SEC_COMBINED_CHAR ORDER BY C1 DESC, C2 ASC, ID ASC;
ID	C1	C2
3	中	中a国
4	中	中a国
5	中	中a国
6	中	中a国
2	AB	a
1	A	a
SELECT * FROM T1_SEC_COMBINED_CHAR WHERE C1>'ab' ORDER BY C1,C2,ID DESC;
ID	C1	C2
6	中	中a国
5	中	中a国
4	中	中a国
3	中	中a国
SELECT * FROM T1_SEC_COMBINED_CHAR WHERE C1>'ab' ORDER BY C1,C2,ID ASC;
ID	C1	C2
3	中	中a国
4	中	中a国
5	中	中a国
6	中	中a国
SELECT * FROM T1_SEC_COMBINED_CHAR WHERE C1>'A' ORDER BY C1,C2,ID ASC;
ID	C1	C2
2	AB	a
3	中	中a国
4	中	中a国
5	中	中a国
6	中	中a国
DROP TABLE T1_COLUMN;
DROP TABLE T1_TEXT;
DROP TABLE T1_PK;
DROP TABLE T1_PK_CHAR;
DROP TABLE T1_SEC;
DROP TABLE T1_SEC_CHAR;
DROP TABLE T1_UNIQUE;
DROP TABLE T1_UNIQUE_CHAR;
DROP TABLE T1_SEC_COMBINED;
DROP TABLE T1_SEC_COMBINED2;
DROP TABLE T1_SEC_COMBINED3;
DROP TABLE T1_SEC_COMBINED_CHAR;
