CREATE TABLE valid_values (value varchar(255));
INSERT INTO valid_values VALUES(1);
INSERT INTO valid_values VALUES(0);
INSERT INTO valid_values VALUES(10);
CREATE TABLE invalid_values (value varchar(255));
INSERT INTO invalid_values VALUES('\'aaa\'');
SET @start_global_value = @@global.SMARTENGINE_STATS_DUMP_PERIOD_SEC;
SELECT @start_global_value;
@start_global_value
600
'# Setting to valid values in global scope#'
"Trying to set variable @@global.SMARTENGINE_STATS_DUMP_PERIOD_SEC to 1"
SET @@global.SMARTENGINE_STATS_DUMP_PERIOD_SEC   = 1;
SELECT @@global.SMARTENGINE_STATS_DUMP_PERIOD_SEC;
@@global.SMARTENGINE_STATS_DUMP_PERIOD_SEC
1
"Setting the global scope variable back to default"
SET @@global.SMARTENGINE_STATS_DUMP_PERIOD_SEC = DEFAULT;
SELECT @@global.SMARTENGINE_STATS_DUMP_PERIOD_SEC;
@@global.SMARTENGINE_STATS_DUMP_PERIOD_SEC
600
"Trying to set variable @@global.SMARTENGINE_STATS_DUMP_PERIOD_SEC to 0"
SET @@global.SMARTENGINE_STATS_DUMP_PERIOD_SEC   = 0;
SELECT @@global.SMARTENGINE_STATS_DUMP_PERIOD_SEC;
@@global.SMARTENGINE_STATS_DUMP_PERIOD_SEC
0
"Setting the global scope variable back to default"
SET @@global.SMARTENGINE_STATS_DUMP_PERIOD_SEC = DEFAULT;
SELECT @@global.SMARTENGINE_STATS_DUMP_PERIOD_SEC;
@@global.SMARTENGINE_STATS_DUMP_PERIOD_SEC
600
"Trying to set variable @@global.SMARTENGINE_STATS_DUMP_PERIOD_SEC to 10"
SET @@global.SMARTENGINE_STATS_DUMP_PERIOD_SEC   = 10;
SELECT @@global.SMARTENGINE_STATS_DUMP_PERIOD_SEC;
@@global.SMARTENGINE_STATS_DUMP_PERIOD_SEC
10
"Setting the global scope variable back to default"
SET @@global.SMARTENGINE_STATS_DUMP_PERIOD_SEC = DEFAULT;
SELECT @@global.SMARTENGINE_STATS_DUMP_PERIOD_SEC;
@@global.SMARTENGINE_STATS_DUMP_PERIOD_SEC
600
"Trying to set variable @@session.SMARTENGINE_STATS_DUMP_PERIOD_SEC to 444. It should fail because it is not session."
SET @@session.SMARTENGINE_STATS_DUMP_PERIOD_SEC   = 444;
ERROR HY000: Variable 'smartengine_stats_dump_period_sec' is a GLOBAL variable and should be set with SET GLOBAL
'# Testing with invalid values in global scope #'
"Trying to set variable @@global.SMARTENGINE_STATS_DUMP_PERIOD_SEC to 'aaa'"
SET @@global.SMARTENGINE_STATS_DUMP_PERIOD_SEC   = 'aaa';
Got one of the listed errors
SELECT @@global.SMARTENGINE_STATS_DUMP_PERIOD_SEC;
@@global.SMARTENGINE_STATS_DUMP_PERIOD_SEC
600
SET @@global.SMARTENGINE_STATS_DUMP_PERIOD_SEC = @start_global_value;
SELECT @@global.SMARTENGINE_STATS_DUMP_PERIOD_SEC;
@@global.SMARTENGINE_STATS_DUMP_PERIOD_SEC
600
DROP TABLE valid_values;
DROP TABLE invalid_values;
